sequence_id,start_frame,end_frame,start_time,end_time,duration
1,0,59,0.000 sec,0.984 sec,0.984 sec
2,59,887,0.984 sec,14.798 sec,13.814 sec
3,887,941,14.798 sec,15.699 sec,0.901 sec
4,941,3150,15.699 sec,52.553 sec,36.854 sec
5,3150,3285,52.553 sec,54.805 sec,2.252 sec
6,3285,3465,54.805 sec,57.808 sec,3.003 sec
7,3465,3708,57.808 sec,61.862 sec,4.054 sec
8,3708,3740,61.862 sec,62.396 sec,0.534 sec
9,3740,4025,62.396 sec,67.150 sec,4.755 sec
10,4025,4135,67.150 sec,68.986 sec,1.835 sec
11,4135,4378,68.986 sec,73.040 sec,4.054 sec
12,4378,4418,73.040 sec,73.707 sec,0.667 sec
13,4418,5530,73.707 sec,92.259 sec,18.552 sec
14,5530,5903,92.259 sec,98.482 sec,6.223 sec
15,5903,7163,98.482 sec,119.503 sec,21.021 sec
16,7163,7260,119.503 sec,121.121 sec,1.618 sec
17,7260,7593,121.121 sec,126.677 sec,5.556 sec
18,7593,7993,126.677 sec,133.350 sec,6.673 sec
19,7993,8740,133.350 sec,145.812 sec,12.462 sec
20,8740,8878,145.812 sec,148.115 sec,2.302 sec
21,8878,9128,148.115 sec,152.286 sec,4.171 sec
22,9128,9358,152.286 sec,156.123 sec,3.837 sec
23,9358,11060,156.123 sec,184.518 sec,28.395 sec
24,11060,11958,184.518 sec,199.499 sec,14.982 sec
25,11958,12280,199.499 sec,204.872 sec,5.372 sec
26,12280,13530,204.872 sec,225.726 sec,20.854 sec
27,13530,14268,225.726 sec,238.038 sec,12.312 sec
28,14268,15608,238.038 sec,260.394 sec,22.356 sec
29,15608,15808,260.394 sec,263.730 sec,3.337 sec
30,15808,16168,263.730 sec,269.736 sec,6.006 sec
31,16168,16843,269.736 sec,280.998 sec,11.261 sec
32,16843,16968,280.998 sec,283.083 sec,2.085 sec
33,16968,17018,283.083 sec,283.917 sec,0.834 sec
34,17018,17225,283.917 sec,287.371 sec,3.453 sec
35,17225,17303,287.371 sec,288.672 sec,1.301 sec
36,17303,17725,288.672 sec,295.712 sec,7.040 sec
37,17725,18208,295.712 sec,303.770 sec,8.058 sec
38,18208,18395,303.770 sec,306.890 sec,3.120 sec
39,18395,18630,306.890 sec,310.811 sec,3.921 sec
40,18630,19028,310.811 sec,317.451 sec,6.640 sec
41,19028,19298,317.451 sec,321.955 sec,4.505 sec
42,19298,20933,321.955 sec,349.233 sec,27.277 sec
43,20933,21193,349.233 sec,353.570 sec,4.338 sec
44,21193,21425,353.570 sec,357.441 sec,3.871 sec
45,21425,23397,357.441 sec,390.340 sec,32.900 sec
46,23397,23632,390.340 sec,394.261 sec,3.921 sec
47,23632,23757,394.261 sec,396.346 sec,2.085 sec
48,23757,23945,396.346 sec,399.483 sec,3.136 sec
49,23945,24157,399.483 sec,403.020 sec,3.537 sec
50,24157,24400,403.020 sec,407.074 sec,4.054 sec
51,24400,24821,407.074 sec,414.097 sec,7.024 sec
52,24821,25184,414.097 sec,420.153 sec,6.056 sec
53,25184,25396,420.153 sec,423.690 sec,3.537 sec
54,25396,25569,423.690 sec,426.577 sec,2.886 sec
55,25569,25684,426.577 sec,428.495 sec,1.919 sec
56,25684,25909,428.495 sec,432.249 sec,3.754 sec
57,25909,26134,432.249 sec,436.003 sec,3.754 sec
58,26134,26234,436.003 sec,437.671 sec,1.668 sec
59,26234,26366,437.671 sec,439.873 sec,2.202 sec
60,26366,26459,439.873 sec,441.425 sec,1.552 sec
61,26459,26599,441.425 sec,443.760 sec,2.336 sec
62,26599,27026,443.760 sec,450.884 sec,7.124 sec
63,27026,27239,450.884 sec,454.438 sec,3.554 sec
64,27239,27379,454.438 sec,456.773 sec,2.336 sec
65,27379,27454,456.773 sec,458.025 sec,1.251 sec
66,27454,27579,458.025 sec,460.110 sec,2.085 sec
67,27579,27651,460.110 sec,461.311 sec,1.201 sec
68,27651,27746,461.311 sec,462.896 sec,1.585 sec
69,27746,27959,462.896 sec,466.450 sec,3.554 sec
70,27959,28189,466.450 sec,470.287 sec,3.837 sec
71,28189,28306,470.287 sec,472.239 sec,1.952 sec
72,28306,28429,472.239 sec,474.291 sec,2.052 sec
73,28429,28551,474.291 sec,476.326 sec,2.035 sec
74,28551,28711,476.326 sec,478.996 sec,2.669 sec
75,28711,28814,478.996 sec,480.714 sec,1.718 sec
76,28814,28884,480.714 sec,481.882 sec,1.168 sec
77,28884,29159,481.882 sec,486.470 sec,4.588 sec
78,29159,29219,486.470 sec,487.471 sec,1.001 sec
79,29219,29279,487.471 sec,488.472 sec,1.001 sec
80,29279,29339,488.472 sec,489.473 sec,1.001 sec
81,29339,29621,489.473 sec,494.178 sec,4.705 sec
82,29621,29916,494.178 sec,499.099 sec,4.922 sec
83,29916,30006,499.099 sec,500.601 sec,1.502 sec
84,30006,30106,500.601 sec,502.269 sec,1.668 sec
85,30106,30209,502.269 sec,503.987 sec,1.718 sec
86,30209,30406,503.987 sec,507.274 sec,3.287 sec
87,30406,30529,507.274 sec,509.326 sec,2.052 sec
88,30529,30624,509.326 sec,510.911 sec,1.585 sec
89,30624,30729,510.911 sec,512.663 sec,1.752 sec
90,30729,30789,512.663 sec,513.664 sec,1.001 sec
91,30789,30914,513.664 sec,515.749 sec,2.085 sec
92,30914,31134,515.749 sec,519.419 sec,3.670 sec
93,31134,31281,519.419 sec,521.872 sec,2.452 sec
94,31281,31704,521.872 sec,528.929 sec,7.057 sec
95,31704,32044,528.929 sec,534.601 sec,5.672 sec
96,32044,32236,534.601 sec,537.804 sec,3.203 sec
97,32236,32376,537.804 sec,540.140 sec,2.336 sec
98,32376,32576,540.140 sec,543.477 sec,3.337 sec
99,32576,32899,543.477 sec,548.866 sec,5.389 sec
100,32899,33179,548.866 sec,553.537 sec,4.671 sec
101,33179,33316,553.537 sec,555.822 sec,2.286 sec
102,33316,33371,555.822 sec,556.740 sec,0.918 sec
103,33371,34029,556.740 sec,567.718 sec,10.978 sec
104,34029,34241,567.718 sec,571.255 sec,3.537 sec
105,34241,34341,571.255 sec,572.923 sec,1.668 sec
106,34341,34979,572.923 sec,583.567 sec,10.644 sec
107,34979,35284,583.567 sec,588.655 sec,5.088 sec
108,35284,35864,588.655 sec,598.332 sec,9.676 sec
109,35864,36046,598.332 sec,601.368 sec,3.036 sec
110,36046,36592,601.368 sec,610.477 sec,9.109 sec
111,36592,36665,610.477 sec,611.695 sec,1.218 sec
112,36665,36802,611.695 sec,613.981 sec,2.286 sec
113,36802,36862,613.981 sec,614.982 sec,1.001 sec
114,36862,37417,614.982 sec,624.241 sec,9.259 sec
115,37417,37512,624.241 sec,625.826 sec,1.585 sec
116,37512,37605,625.826 sec,627.377 sec,1.552 sec
117,37605,37687,627.377 sec,628.745 sec,1.368 sec
118,37687,37735,628.745 sec,629.546 sec,0.801 sec
119,37735,37845,629.546 sec,631.381 sec,1.835 sec
120,37845,37912,631.381 sec,632.499 sec,1.118 sec
121,37912,37965,632.499 sec,633.383 sec,0.884 sec
122,37965,38015,633.383 sec,634.218 sec,0.834 sec
123,38015,38150,634.218 sec,636.470 sec,2.252 sec
124,38150,38252,636.470 sec,638.172 sec,1.702 sec
125,38252,38270,638.172 sec,638.472 sec,0.300 sec
126,38270,38312,638.472 sec,639.173 sec,0.701 sec
127,38312,38347,639.173 sec,639.756 sec,0.584 sec
128,38347,38495,639.756 sec,642.226 sec,2.469 sec
129,38495,38575,642.226 sec,643.560 sec,1.335 sec
130,38575,38617,643.560 sec,644.261 sec,0.701 sec
131,38617,38825,644.261 sec,647.731 sec,3.470 sec
132,38825,38897,647.731 sec,648.932 sec,1.201 sec
133,38897,38932,648.932 sec,649.516 sec,0.584 sec
134,38932,38965,649.516 sec,650.067 sec,0.551 sec
135,38965,39017,650.067 sec,650.934 sec,0.868 sec
136,39017,39060,650.934 sec,651.652 sec,0.717 sec
137,39060,39112,651.652 sec,652.519 sec,0.868 sec
138,39112,39145,652.519 sec,653.070 sec,0.551 sec
139,39145,39167,653.070 sec,653.437 sec,0.367 sec
140,39167,39192,653.437 sec,653.854 sec,0.417 sec
141,39192,39225,653.854 sec,654.404 sec,0.551 sec
142,39225,39322,654.404 sec,656.023 sec,1.618 sec
143,39322,39357,656.023 sec,656.607 sec,0.584 sec
144,39357,39420,656.607 sec,657.658 sec,1.051 sec
145,39420,39462,657.658 sec,658.358 sec,0.701 sec
146,39462,39552,658.358 sec,659.860 sec,1.502 sec
147,39552,39595,659.860 sec,660.577 sec,0.717 sec
148,39595,39682,660.577 sec,662.029 sec,1.451 sec
149,39682,39742,662.029 sec,663.030 sec,1.001 sec
150,39742,40037,663.030 sec,667.951 sec,4.922 sec
151,40037,40085,667.951 sec,668.752 sec,0.801 sec
152,40085,40212,668.752 sec,670.871 sec,2.119 sec
153,40212,40265,670.871 sec,671.755 sec,0.884 sec
154,40265,40297,671.755 sec,672.289 sec,0.534 sec
155,40297,40667,672.289 sec,678.462 sec,6.173 sec
156,40667,40810,678.462 sec,680.848 sec,2.386 sec
157,40810,40862,680.848 sec,681.715 sec,0.868 sec
158,40862,40982,681.715 sec,683.717 sec,2.002 sec
159,40982,41150,683.717 sec,686.520 sec,2.803 sec
160,41150,41182,686.520 sec,687.054 sec,0.534 sec
161,41182,41212,687.054 sec,687.554 sec,0.501 sec
162,41212,41425,687.554 sec,691.108 sec,3.554 sec
163,41425,41985,691.108 sec,700.450 sec,9.343 sec
164,41985,42040,700.450 sec,701.368 sec,0.918 sec
165,42040,42207,701.368 sec,704.154 sec,2.786 sec
166,42207,42277,704.154 sec,705.322 sec,1.168 sec
167,42277,42445,705.322 sec,708.125 sec,2.803 sec
168,42445,42525,708.125 sec,709.459 sec,1.335 sec
169,42525,42687,709.459 sec,712.162 sec,2.703 sec
170,42687,42795,712.162 sec,713.964 sec,1.802 sec
171,42795,42912,713.964 sec,715.916 sec,1.952 sec
172,42912,42927,715.916 sec,716.166 sec,0.250 sec
173,42927,43052,716.166 sec,718.252 sec,2.085 sec
174,43052,43167,718.252 sec,720.170 sec,1.919 sec
175,43167,43230,720.170 sec,721.221 sec,1.051 sec
176,43230,43582,721.221 sec,727.094 sec,5.873 sec
177,43582,43660,727.094 sec,728.395 sec,1.301 sec
178,43660,43752,728.395 sec,729.930 sec,1.535 sec
179,43752,43790,729.930 sec,730.564 sec,0.634 sec
180,43790,43862,730.564 sec,731.765 sec,1.201 sec
181,43862,43897,731.765 sec,732.349 sec,0.584 sec
182,43897,43952,732.349 sec,733.267 sec,0.918 sec
183,43952,43980,733.267 sec,733.734 sec,0.467 sec
184,43980,44062,733.734 sec,735.102 sec,1.368 sec
185,44062,44620,735.102 sec,744.411 sec,9.309 sec
186,44620,44647,744.411 sec,744.862 sec,0.450 sec
187,44647,45130,744.862 sec,752.920 sec,8.058 sec
188,45130,45202,752.920 sec,754.121 sec,1.201 sec
189,45202,45450,754.121 sec,758.258 sec,4.137 sec
190,45450,45687,758.258 sec,762.212 sec,3.954 sec
191,45687,45792,762.212 sec,763.964 sec,1.752 sec
192,45792,45820,763.964 sec,764.431 sec,0.467 sec
193,45820,46002,764.431 sec,767.467 sec,3.036 sec
194,46002,46050,767.467 sec,768.268 sec,0.801 sec
195,46050,46140,768.268 sec,769.770 sec,1.502 sec
196,46140,46195,769.770 sec,770.687 sec,0.918 sec
197,46195,46237,770.687 sec,771.388 sec,0.701 sec
198,46237,46267,771.388 sec,771.889 sec,0.501 sec
199,46267,46297,771.889 sec,772.389 sec,0.501 sec
200,46297,46325,772.389 sec,772.856 sec,0.467 sec
201,46325,46400,772.856 sec,774.107 sec,1.251 sec
202,46400,46425,774.107 sec,774.525 sec,0.417 sec
203,46425,46450,774.525 sec,774.942 sec,0.417 sec
204,46450,46485,774.942 sec,775.526 sec,0.584 sec
205,46485,46515,775.526 sec,776.026 sec,0.501 sec
206,46515,46610,776.026 sec,777.611 sec,1.585 sec
207,46610,46730,777.611 sec,779.613 sec,2.002 sec
208,46730,46767,779.613 sec,780.230 sec,0.617 sec
209,46767,46817,780.230 sec,781.064 sec,0.834 sec
210,46817,46962,781.064 sec,783.483 sec,2.419 sec
211,46962,47025,783.483 sec,784.535 sec,1.051 sec
212,47025,47052,784.535 sec,784.985 sec,0.450 sec
213,47052,47105,784.985 sec,785.869 sec,0.884 sec
214,47105,47142,785.869 sec,786.486 sec,0.617 sec
215,47142,47465,786.486 sec,791.875 sec,5.389 sec
216,47465,47547,791.875 sec,793.243 sec,1.368 sec
217,47547,47590,793.243 sec,793.961 sec,0.717 sec
218,47590,47660,793.961 sec,795.128 sec,1.168 sec
219,47660,47690,795.128 sec,795.629 sec,0.501 sec
220,47690,47757,795.629 sec,796.747 sec,1.118 sec
221,47757,47792,796.747 sec,797.331 sec,0.584 sec
222,47792,48187,797.331 sec,803.921 sec,6.590 sec
223,48187,48252,803.921 sec,805.005 sec,1.084 sec
224,48252,48320,805.005 sec,806.139 sec,1.134 sec
225,48320,48677,806.139 sec,812.095 sec,5.956 sec
226,48677,49195,812.095 sec,820.737 sec,8.642 sec
227,49195,49235,820.737 sec,821.405 sec,0.667 sec
228,49235,49360,821.405 sec,823.490 sec,2.085 sec
229,49360,49385,823.490 sec,823.907 sec,0.417 sec
230,49385,49707,823.907 sec,829.279 sec,5.372 sec
231,49707,49805,829.279 sec,830.914 sec,1.635 sec
232,49805,49995,830.914 sec,834.084 sec,3.170 sec
233,49995,50030,834.084 sec,834.668 sec,0.584 sec
234,50030,50102,834.668 sec,835.869 sec,1.201 sec
235,50102,50142,835.869 sec,836.537 sec,0.667 sec
236,50142,50197,836.537 sec,837.454 sec,0.918 sec
237,50197,50257,837.454 sec,838.455 sec,1.001 sec
238,50257,50310,838.455 sec,839.339 sec,0.884 sec
239,50310,50402,839.339 sec,840.874 sec,1.535 sec
240,50402,50457,840.874 sec,841.792 sec,0.918 sec
241,50457,50595,841.792 sec,844.094 sec,2.302 sec
242,50595,50827,844.094 sec,847.965 sec,3.871 sec
243,50827,50985,847.965 sec,850.601 sec,2.636 sec
244,50985,51055,850.601 sec,851.768 sec,1.168 sec
245,51055,51215,851.768 sec,854.438 sec,2.669 sec
246,51215,51497,854.438 sec,859.142 sec,4.705 sec
247,51497,51959,859.142 sec,866.850 sec,7.708 sec
248,51959,52152,866.850 sec,870.070 sec,3.220 sec
249,52152,52504,870.070 sec,875.943 sec,5.873 sec
250,52504,52617,875.943 sec,877.828 sec,1.885 sec
251,52617,52942,877.828 sec,883.250 sec,5.422 sec
252,52942,53024,883.250 sec,884.618 sec,1.368 sec
253,53024,53294,884.618 sec,889.122 sec,4.505 sec
254,53294,53409,889.122 sec,891.041 sec,1.919 sec
255,53409,53527,891.041 sec,893.010 sec,1.969 sec
256,53527,54009,893.010 sec,901.051 sec,8.041 sec
257,54009,54359,901.051 sec,906.890 sec,5.839 sec
258,54359,54477,906.890 sec,908.859 sec,1.969 sec
259,54477,60004,908.859 sec,1001.068 sec,92.209 sec
260,60004,60284,1001.068 sec,1005.739 sec,4.671 sec
261,60284,60496,1005.739 sec,1009.276 sec,3.537 sec
262,60496,60784,1009.276 sec,1014.081 sec,4.805 sec
263,60784,61049,1014.081 sec,1018.502 sec,4.421 sec
264,61049,61881,1018.502 sec,1032.382 sec,13.881 sec
265,61881,61901,1032.382 sec,1032.716 sec,0.334 sec
266,61901,61999,1032.716 sec,1034.351 sec,1.635 sec
267,61999,62064,1034.351 sec,1035.435 sec,1.084 sec
268,62064,62599,1035.435 sec,1044.361 sec,8.926 sec
269,62599,62939,1044.361 sec,1050.033 sec,5.672 sec
270,62939,62986,1050.033 sec,1050.817 sec,0.784 sec
271,62986,63019,1050.817 sec,1051.368 sec,0.551 sec
272,63019,63374,1051.368 sec,1057.291 sec,5.923 sec
273,63374,63526,1057.291 sec,1059.826 sec,2.536 sec
274,63526,63611,1059.826 sec,1061.245 sec,1.418 sec
275,63611,63839,1061.245 sec,1065.048 sec,3.804 sec
276,63839,63944,1065.048 sec,1066.800 sec,1.752 sec
277,63944,64341,1066.800 sec,1073.423 sec,6.623 sec
278,64341,64496,1073.423 sec,1076.009 sec,2.586 sec
279,64496,65289,1076.009 sec,1089.239 sec,13.230 sec
280,65289,66237,1089.239 sec,1105.055 sec,15.816 sec
281,66237,66537,1105.055 sec,1110.060 sec,5.005 sec
282,66537,67482,1110.060 sec,1125.826 sec,15.766 sec
283,67482,67615,1125.826 sec,1128.045 sec,2.219 sec
284,67615,67785,1128.045 sec,1130.881 sec,2.836 sec
285,67785,68042,1130.881 sec,1135.169 sec,4.288 sec
286,68042,68210,1135.169 sec,1137.971 sec,2.803 sec
287,68210,68282,1137.971 sec,1139.173 sec,1.201 sec
288,68282,68327,1139.173 sec,1139.923 sec,0.751 sec
289,68327,68365,1139.923 sec,1140.557 sec,0.634 sec
290,68365,68405,1140.557 sec,1141.225 sec,0.667 sec
291,68405,68445,1141.225 sec,1141.892 sec,0.667 sec
292,68445,68740,1141.892 sec,1146.813 sec,4.922 sec
293,68740,68805,1146.813 sec,1147.898 sec,1.084 sec
294,68805,68945,1147.898 sec,1150.234 sec,2.336 sec
295,68945,69155,1150.234 sec,1153.737 sec,3.504 sec
296,69155,69767,1153.737 sec,1163.947 sec,10.210 sec
297,69767,69937,1163.947 sec,1166.783 sec,2.836 sec
298,69937,70632,1166.783 sec,1178.378 sec,11.595 sec
299,70632,70872,1178.378 sec,1182.382 sec,4.004 sec
300,70872,70977,1182.382 sec,1184.134 sec,1.752 sec
301,70977,72577,1184.134 sec,1210.827 sec,26.693 sec
302,72577,72828,1210.827 sec,1215.015 sec,4.188 sec
303,72828,74555,1215.015 sec,1243.827 sec,28.812 sec
304,74555,74785,1243.827 sec,1247.664 sec,3.837 sec
305,74785,74978,1247.664 sec,1250.884 sec,3.220 sec
306,74978,75120,1250.884 sec,1253.253 sec,2.369 sec
307,75120,75303,1253.253 sec,1256.306 sec,3.053 sec
308,75303,75398,1256.306 sec,1257.891 sec,1.585 sec
309,75398,75465,1257.891 sec,1259.009 sec,1.118 sec
310,75465,75548,1259.009 sec,1260.394 sec,1.385 sec
311,75548,76415,1260.394 sec,1274.858 sec,14.464 sec
312,76415,77873,1274.858 sec,1299.183 sec,24.324 sec
313,77873,78028,1299.183 sec,1301.768 sec,2.586 sec
314,78028,78253,1301.768 sec,1305.522 sec,3.754 sec
315,78253,78360,1305.522 sec,1307.307 sec,1.785 sec
316,78360,78663,1307.307 sec,1312.362 sec,5.055 sec
317,78663,78753,1312.362 sec,1313.864 sec,1.502 sec
318,78753,79555,1313.864 sec,1327.244 sec,13.380 sec
319,79555,79708,1327.244 sec,1329.796 sec,2.553 sec
320,79708,80160,1329.796 sec,1337.337 sec,7.541 sec
321,80160,81536,1337.337 sec,1360.294 sec,22.956 sec
322,81536,81898,1360.294 sec,1366.333 sec,6.039 sec
323,81898,82010,1366.333 sec,1368.202 sec,1.869 sec
324,82010,82355,1368.202 sec,1373.957 sec,5.756 sec
325,82355,82458,1373.957 sec,1375.676 sec,1.718 sec
326,82458,82550,1375.676 sec,1377.211 sec,1.535 sec
327,82550,82763,1377.211 sec,1380.764 sec,3.554 sec
328,82763,84345,1380.764 sec,1407.157 sec,26.393 sec
329,84345,86315,1407.157 sec,1440.023 sec,32.866 sec
330,86315,86822,1440.023 sec,1448.482 sec,8.458 sec
331,86822,87080,1448.482 sec,1452.786 sec,4.304 sec
332,87080,87435,1452.786 sec,1458.709 sec,5.923 sec
333,87435,87542,1458.709 sec,1460.494 sec,1.785 sec
334,87542,87730,1460.494 sec,1463.630 sec,3.136 sec
335,87730,89445,1463.630 sec,1492.242 sec,28.612 sec
336,89445,89622,1492.242 sec,1495.195 sec,2.953 sec
337,89622,89962,1495.195 sec,1500.868 sec,5.672 sec
338,89962,90115,1500.868 sec,1503.420 sec,2.553 sec
339,90115,90222,1503.420 sec,1505.205 sec,1.785 sec
340,90222,90337,1505.205 sec,1507.124 sec,1.919 sec
341,90337,90602,1507.124 sec,1511.545 sec,4.421 sec
342,90602,90727,1511.545 sec,1513.630 sec,2.085 sec
343,90727,90910,1513.630 sec,1516.683 sec,3.053 sec
344,90910,91095,1516.683 sec,1519.770 sec,3.086 sec
345,91095,91205,1519.770 sec,1521.605 sec,1.835 sec
346,91205,91647,1521.605 sec,1528.979 sec,7.374 sec
347,91647,91737,1528.979 sec,1530.480 sec,1.502 sec
348,91737,91852,1530.480 sec,1532.399 sec,1.919 sec
349,91852,92007,1532.399 sec,1534.985 sec,2.586 sec
350,92007,92317,1534.985 sec,1540.157 sec,5.172 sec
351,92317,92687,1540.157 sec,1546.330 sec,6.173 sec
352,92687,92890,1546.330 sec,1549.716 sec,3.387 sec
353,92890,93215,1549.716 sec,1555.138 sec,5.422 sec
354,93215,93270,1555.138 sec,1556.056 sec,0.918 sec
355,93270,93370,1556.056 sec,1557.724 sec,1.668 sec
356,93370,93570,1557.724 sec,1561.061 sec,3.337 sec
357,93570,93942,1561.061 sec,1567.267 sec,6.206 sec
358,93942,94155,1567.267 sec,1570.821 sec,3.554 sec
359,94155,94267,1570.821 sec,1572.689 sec,1.869 sec
360,94267,94337,1572.689 sec,1573.857 sec,1.168 sec
361,94337,94447,1573.857 sec,1575.692 sec,1.835 sec
362,94447,94560,1575.692 sec,1577.578 sec,1.885 sec
363,94560,95817,1577.578 sec,1598.549 sec,20.971 sec
364,95817,95967,1598.549 sec,1601.051 sec,2.503 sec
365,95967,96217,1601.051 sec,1605.222 sec,4.171 sec
366,96217,96415,1605.222 sec,1608.525 sec,3.303 sec
367,96415,97110,1608.525 sec,1620.120 sec,11.595 sec
368,97110,97412,1620.120 sec,1625.158 sec,5.038 sec
369,97412,97525,1625.158 sec,1627.044 sec,1.885 sec
370,97525,97680,1627.044 sec,1629.630 sec,2.586 sec
371,97680,97772,1629.630 sec,1631.164 sec,1.535 sec
372,97772,98022,1631.164 sec,1635.335 sec,4.171 sec
373,98022,98302,1635.335 sec,1640.007 sec,4.671 sec
374,98302,98555,1640.007 sec,1644.228 sec,4.221 sec
375,98555,98695,1644.228 sec,1646.563 sec,2.336 sec
376,98695,98900,1646.563 sec,1649.983 sec,3.420 sec
377,98900,99382,1649.983 sec,1658.025 sec,8.041 sec
378,99382,99495,1658.025 sec,1659.910 sec,1.885 sec
379,99495,99572,1659.910 sec,1661.195 sec,1.285 sec
380,99572,99997,1661.195 sec,1668.285 sec,7.090 sec
381,99997,100122,1668.285 sec,1670.370 sec,2.085 sec
382,100122,100420,1670.370 sec,1675.342 sec,4.972 sec
383,100420,100512,1675.342 sec,1676.877 sec,1.535 sec
384,100512,100957,1676.877 sec,1684.301 sec,7.424 sec
385,100957,101175,1684.301 sec,1687.938 sec,3.637 sec
386,101175,101210,1687.938 sec,1688.522 sec,0.584 sec
387,101210,101280,1688.522 sec,1689.690 sec,1.168 sec
388,101280,101367,1689.690 sec,1691.141 sec,1.451 sec
389,101367,101450,1691.141 sec,1692.526 sec,1.385 sec
390,101450,101567,1692.526 sec,1694.478 sec,1.952 sec
391,101567,101685,1694.478 sec,1696.446 sec,1.969 sec
392,101685,101820,1696.446 sec,1698.699 sec,2.252 sec
393,101820,102005,1698.699 sec,1701.785 sec,3.086 sec
394,102005,102297,1701.785 sec,1706.657 sec,4.872 sec
395,102297,102377,1706.657 sec,1707.991 sec,1.335 sec
396,102377,103140,1707.991 sec,1720.721 sec,12.729 sec
397,103140,103250,1720.721 sec,1722.556 sec,1.835 sec
398,103250,103402,1722.556 sec,1725.092 sec,2.536 sec
399,103402,103720,1725.092 sec,1730.397 sec,5.305 sec
400,103720,103890,1730.397 sec,1733.233 sec,2.836 sec
401,103890,104722,1733.233 sec,1747.114 sec,13.881 sec
402,104722,104892,1747.114 sec,1749.950 sec,2.836 sec
403,104892,105220,1749.950 sec,1755.422 sec,5.472 sec
404,105220,105382,1755.422 sec,1758.125 sec,2.703 sec
405,105382,105707,1758.125 sec,1763.547 sec,5.422 sec
406,105707,105947,1763.547 sec,1767.551 sec,4.004 sec
407,105947,106120,1767.551 sec,1770.437 sec,2.886 sec
408,106120,106472,1770.437 sec,1776.310 sec,5.873 sec
409,106472,106550,1776.310 sec,1777.611 sec,1.301 sec
410,106550,106790,1777.611 sec,1781.615 sec,4.004 sec
411,106790,107005,1781.615 sec,1785.202 sec,3.587 sec
412,107005,107625,1785.202 sec,1795.546 sec,10.344 sec
413,107625,107807,1795.546 sec,1798.582 sec,3.036 sec
414,107807,108147,1798.582 sec,1804.254 sec,5.672 sec
415,108147,108802,1804.254 sec,1815.182 sec,10.928 sec
416,108802,108955,1815.182 sec,1817.734 sec,2.553 sec
417,108955,110017,1817.734 sec,1835.452 sec,17.718 sec
418,110017,110205,1835.452 sec,1838.589 sec,3.136 sec
419,110205,110520,1838.589 sec,1843.844 sec,5.255 sec
420,110520,110747,1843.844 sec,1847.631 sec,3.787 sec
421,110747,110892,1847.631 sec,1850.050 sec,2.419 sec
422,110892,110977,1850.050 sec,1851.468 sec,1.418 sec
423,110977,111222,1851.468 sec,1855.556 sec,4.087 sec
424,111222,111290,1855.556 sec,1856.690 sec,1.134 sec
425,111290,111639,1856.690 sec,1862.513 sec,5.822 sec
426,111639,112289,1862.513 sec,1873.357 sec,10.844 sec
427,112289,112439,1873.357 sec,1875.859 sec,2.503 sec
428,112439,112576,1875.859 sec,1878.145 sec,2.286 sec
429,112576,112671,1878.145 sec,1879.730 sec,1.585 sec
430,112671,113176,1879.730 sec,1888.155 sec,8.425 sec
431,113176,113269,1888.155 sec,1889.706 sec,1.552 sec
432,113269,113377,1889.706 sec,1891.508 sec,1.802 sec
433,113377,113561,1891.508 sec,1894.578 sec,3.070 sec
434,113561,113671,1894.578 sec,1896.413 sec,1.835 sec
435,113671,114061,1896.413 sec,1902.920 sec,6.507 sec
436,114061,114221,1902.920 sec,1905.589 sec,2.669 sec
437,114221,114866,1905.589 sec,1916.350 sec,10.761 sec
438,114866,115751,1916.350 sec,1931.114 sec,14.765 sec
439,115751,116266,1931.114 sec,1939.706 sec,8.592 sec
440,116266,116417,1939.706 sec,1942.226 sec,2.519 sec
441,116417,116511,1942.226 sec,1943.794 sec,1.568 sec
442,116511,116577,1943.794 sec,1944.895 sec,1.101 sec
443,116577,116831,1944.895 sec,1949.132 sec,4.238 sec
444,116831,116929,1949.132 sec,1950.767 sec,1.635 sec
445,116929,118811,1950.767 sec,1982.165 sec,31.398 sec
446,118811,119119,1982.165 sec,1987.304 sec,5.138 sec
447,119119,119311,1987.304 sec,1990.507 sec,3.203 sec
448,119311,120376,1990.507 sec,2008.275 sec,17.768 sec
449,120376,120496,2008.275 sec,2010.277 sec,2.002 sec
450,120496,120999,2010.277 sec,2018.669 sec,8.392 sec
451,120999,121466,2018.669 sec,2026.460 sec,7.791 sec
452,121466,121536,2026.460 sec,2027.628 sec,1.168 sec
453,121536,121589,2027.628 sec,2028.512 sec,0.884 sec
454,121589,121684,2028.512 sec,2030.097 sec,1.585 sec
455,121684,121759,2030.097 sec,2031.348 sec,1.251 sec
456,121759,121824,2031.348 sec,2032.432 sec,1.084 sec
457,121824,122076,2032.432 sec,2036.637 sec,4.204 sec
458,122076,122106,2036.637 sec,2037.137 sec,0.501 sec
459,122106,122276,2037.137 sec,2039.973 sec,2.836 sec
460,122276,122356,2039.973 sec,2041.308 sec,1.335 sec
461,122356,122409,2041.308 sec,2042.192 sec,0.884 sec
462,122409,122431,2042.192 sec,2042.559 sec,0.367 sec
463,122431,122466,2042.559 sec,2043.143 sec,0.584 sec
464,122466,122526,2043.143 sec,2044.144 sec,1.001 sec
465,122526,122714,2044.144 sec,2047.281 sec,3.136 sec
466,122714,122816,2047.281 sec,2048.982 sec,1.702 sec
467,122816,122886,2048.982 sec,2050.150 sec,1.168 sec
468,122886,123256,2050.150 sec,2056.323 sec,6.173 sec
469,123256,123426,2056.323 sec,2059.159 sec,2.836 sec
470,123426,123644,2059.159 sec,2062.796 sec,3.637 sec
471,123644,124044,2062.796 sec,2069.469 sec,6.673 sec
472,124044,124162,2069.469 sec,2071.438 sec,1.969 sec
473,124162,124369,2071.438 sec,2074.892 sec,3.453 sec
474,124369,124716,2074.892 sec,2080.681 sec,5.789 sec
475,124716,124944,2080.681 sec,2084.484 sec,3.804 sec
476,124944,125179,2084.484 sec,2088.405 sec,3.921 sec
477,125179,125724,2088.405 sec,2097.497 sec,9.092 sec
478,125724,125886,2097.497 sec,2100.200 sec,2.703 sec
479,125886,126299,2100.200 sec,2107.090 sec,6.890 sec
480,126299,126529,2107.090 sec,2110.928 sec,3.837 sec
481,126529,126674,2110.928 sec,2113.347 sec,2.419 sec
482,126674,126816,2113.347 sec,2115.716 sec,2.369 sec
483,126816,127019,2115.716 sec,2119.102 sec,3.387 sec
484,127019,127316,2119.102 sec,2124.057 sec,4.955 sec
485,127316,127414,2124.057 sec,2125.692 sec,1.635 sec
486,127414,127479,2125.692 sec,2126.777 sec,1.084 sec
487,127479,127654,2126.777 sec,2129.696 sec,2.920 sec
488,127654,127704,2129.696 sec,2130.531 sec,0.834 sec
489,127704,128011,2130.531 sec,2135.652 sec,5.122 sec
490,128011,128169,2135.652 sec,2138.288 sec,2.636 sec
491,128169,128534,2138.288 sec,2144.378 sec,6.089 sec
492,128534,128659,2144.378 sec,2146.463 sec,2.085 sec
493,128659,129279,2146.463 sec,2156.807 sec,10.344 sec
494,129279,130039,2156.807 sec,2169.486 sec,12.679 sec
495,130039,130241,2169.486 sec,2172.856 sec,3.370 sec
496,130241,130789,2172.856 sec,2181.999 sec,9.142 sec
497,130789,131254,2181.999 sec,2189.756 sec,7.758 sec
498,131254,131549,2189.756 sec,2194.678 sec,4.922 sec
499,131549,132562,2194.678 sec,2211.578 sec,16.900 sec
500,132562,132707,2211.578 sec,2213.997 sec,2.419 sec
501,132707,133054,2213.997 sec,2219.786 sec,5.789 sec
502,133054,133122,2219.786 sec,2220.921 sec,1.134 sec
503,133122,133194,2220.921 sec,2222.122 sec,1.201 sec
504,133194,133607,2222.122 sec,2229.012 sec,6.890 sec
505,133607,134194,2229.012 sec,2238.805 sec,9.793 sec
506,134194,134962,2238.805 sec,2251.618 sec,12.813 sec
507,134962,135264,2251.618 sec,2256.657 sec,5.038 sec
508,135264,135452,2256.657 sec,2259.793 sec,3.136 sec
509,135452,135672,2259.793 sec,2263.463 sec,3.670 sec
510,135672,135714,2263.463 sec,2264.164 sec,0.701 sec
511,135714,135782,2264.164 sec,2265.299 sec,1.134 sec
512,135782,135844,2265.299 sec,2266.333 sec,1.034 sec
513,135844,136002,2266.333 sec,2268.969 sec,2.636 sec
514,136002,136834,2268.969 sec,2282.850 sec,13.881 sec
515,136834,136937,2282.850 sec,2284.568 sec,1.718 sec
516,136937,137057,2284.568 sec,2286.570 sec,2.002 sec
517,137057,137502,2286.570 sec,2293.994 sec,7.424 sec
518,137502,137594,2293.994 sec,2295.529 sec,1.535 sec
519,137594,138022,2295.529 sec,2302.669 sec,7.140 sec
520,138022,138147,2302.669 sec,2304.755 sec,2.085 sec
521,138147,138222,2304.755 sec,2306.006 sec,1.251 sec
522,138222,138262,2306.006 sec,2306.673 sec,0.667 sec
523,138262,138309,2306.673 sec,2307.457 sec,0.784 sec
524,138309,138679,2307.457 sec,2313.630 sec,6.173 sec
525,138679,138779,2313.630 sec,2315.299 sec,1.668 sec
526,138779,139012,2315.299 sec,2319.186 sec,3.887 sec
527,139012,139134,2319.186 sec,2321.221 sec,2.035 sec
528,139134,139264,2321.221 sec,2323.390 sec,2.169 sec
529,139264,139402,2323.390 sec,2325.692 sec,2.302 sec
530,139402,139517,2325.692 sec,2327.611 sec,1.919 sec
531,139517,139739,2327.611 sec,2331.315 sec,3.704 sec
532,139739,139887,2331.315 sec,2333.784 sec,2.469 sec
533,139887,141052,2333.784 sec,2353.220 sec,19.436 sec
534,141052,141194,2353.220 sec,2355.589 sec,2.369 sec
535,141194,141512,2355.589 sec,2360.894 sec,5.305 sec
536,141512,141659,2360.894 sec,2363.347 sec,2.452 sec
537,141659,141957,2363.347 sec,2368.318 sec,4.972 sec
538,141957,151176,2368.318 sec,2522.122 sec,153.804 sec
539,151176,151291,2522.122 sec,2524.041 sec,1.919 sec
540,151291,151393,2524.041 sec,2525.742 sec,1.702 sec
541,151393,151616,2525.742 sec,2529.463 sec,3.720 sec
542,151616,151721,2529.463 sec,2531.215 sec,1.752 sec
543,151721,151931,2531.215 sec,2534.718 sec,3.504 sec
544,151931,152066,2534.718 sec,2536.970 sec,2.252 sec
545,152066,152683,2536.970 sec,2547.264 sec,10.294 sec
546,152683,152936,2547.264 sec,2551.485 sec,4.221 sec
547,152936,153076,2551.485 sec,2553.820 sec,2.336 sec
548,153076,153568,2553.820 sec,2562.029 sec,8.208 sec
549,153568,153963,2562.029 sec,2568.619 sec,6.590 sec
550,153963,154053,2568.619 sec,2570.120 sec,1.502 sec
551,154053,154204,2570.120 sec,2572.639 sec,2.519 sec
552,154204,154292,2572.639 sec,2574.107 sec,1.468 sec
553,154292,155157,2574.107 sec,2588.539 sec,14.431 sec
554,155157,155292,2588.539 sec,2590.791 sec,2.252 sec
555,155292,155657,2590.791 sec,2596.880 sec,6.089 sec
556,155657,155797,2596.880 sec,2599.216 sec,2.336 sec
557,155797,156264,2599.216 sec,2607.007 sec,7.791 sec
558,156264,156427,2607.007 sec,2609.726 sec,2.719 sec
559,156427,157329,2609.726 sec,2624.775 sec,15.048 sec
560,157329,157969,2624.775 sec,2635.452 sec,10.677 sec
561,157969,158177,2635.452 sec,2638.922 sec,3.470 sec
562,158177,158504,2638.922 sec,2644.378 sec,5.455 sec
563,158504,159144,2644.378 sec,2655.055 sec,10.677 sec
564,159144,159302,2655.055 sec,2657.691 sec,2.636 sec
565,159302,159427,2657.691 sec,2659.776 sec,2.085 sec
566,159427,159579,2659.776 sec,2662.312 sec,2.536 sec
567,159579,159779,2662.312 sec,2665.649 sec,3.337 sec
568,159779,159924,2665.649 sec,2668.068 sec,2.419 sec
569,159924,160112,2668.068 sec,2671.205 sec,3.136 sec
570,160112,160332,2671.205 sec,2674.875 sec,3.670 sec
571,160332,160534,2674.875 sec,2678.245 sec,3.370 sec
572,160534,160684,2678.245 sec,2680.747 sec,2.503 sec
573,160684,160802,2680.747 sec,2682.716 sec,1.969 sec
574,160802,160889,2682.716 sec,2684.168 sec,1.451 sec
575,160889,160962,2684.168 sec,2685.385 sec,1.218 sec
576,160962,161112,2685.385 sec,2687.888 sec,2.503 sec
577,161112,161314,2687.888 sec,2691.258 sec,3.370 sec
578,161314,161579,2691.258 sec,2695.679 sec,4.421 sec
579,161579,163532,2695.679 sec,2728.262 sec,32.583 sec
580,163532,163609,2728.262 sec,2729.546 sec,1.285 sec
581,163609,163959,2729.546 sec,2735.385 sec,5.839 sec
582,163959,164097,2735.385 sec,2737.688 sec,2.302 sec
583,164097,165224,2737.688 sec,2756.490 sec,18.802 sec
584,165224,165332,2756.490 sec,2758.292 sec,1.802 sec
585,165332,166749,2758.292 sec,2781.932 sec,23.640 sec
586,166749,169292,2781.932 sec,2824.358 sec,42.426 sec
587,169292,169564,2824.358 sec,2828.896 sec,4.538 sec
588,169564,169747,2828.896 sec,2831.949 sec,3.053 sec
589,169747,169962,2831.949 sec,2835.536 sec,3.587 sec
590,169962,170792,2835.536 sec,2849.383 sec,13.847 sec
591,170792,173416,2849.383 sec,2893.160 sec,43.777 sec
592,173416,176306,2893.160 sec,2941.375 sec,48.215 sec
593,176306,176799,2941.375 sec,2949.600 sec,8.225 sec
594,176799,176939,2949.600 sec,2951.935 sec,2.336 sec
595,176939,177364,2951.935 sec,2959.026 sec,7.090 sec
596,177364,177644,2959.026 sec,2963.697 sec,4.671 sec
597,177644,179161,2963.697 sec,2989.006 sec,25.309 sec
598,179161,179911,2989.006 sec,3001.518 sec,12.513 sec
599,179911,181511,3001.518 sec,3028.212 sec,26.693 sec
600,181511,182191,3028.212 sec,3039.556 sec,11.345 sec
601,182191,183026,3039.556 sec,3053.487 sec,13.931 sec
602,183026,183241,3053.487 sec,3057.074 sec,3.587 sec
603,183241,183713,3057.074 sec,3064.948 sec,7.875 sec
604,183713,183878,3064.948 sec,3067.701 sec,2.753 sec
605,183878,184708,3067.701 sec,3081.548 sec,13.847 sec
606,184708,184843,3081.548 sec,3083.800 sec,2.252 sec
607,184843,185273,3083.800 sec,3090.974 sec,7.174 sec
608,185273,185768,3090.974 sec,3099.233 sec,8.258 sec
609,185768,185896,3099.233 sec,3101.368 sec,2.135 sec
610,185896,186051,3101.368 sec,3103.954 sec,2.586 sec
611,186051,186471,3103.954 sec,3110.961 sec,7.007 sec
612,186471,186556,3110.961 sec,3112.379 sec,1.418 sec
613,186556,186718,3112.379 sec,3115.082 sec,2.703 sec
614,186718,186843,3115.082 sec,3117.167 sec,2.085 sec
615,186843,187393,3117.167 sec,3126.343 sec,9.176 sec
616,187393,187526,3126.343 sec,3128.562 sec,2.219 sec
617,187526,187803,3128.562 sec,3133.183 sec,4.621 sec
618,187803,187901,3133.183 sec,3134.818 sec,1.635 sec
619,187901,188483,3134.818 sec,3144.528 sec,9.710 sec
620,188483,189406,3144.528 sec,3159.927 sec,15.399 sec
621,189406,189748,3159.927 sec,3165.632 sec,5.706 sec
622,189748,190244,3165.632 sec,3173.907 sec,8.275 sec
623,190244,191142,3173.907 sec,3188.889 sec,14.982 sec
624,191142,191222,3188.889 sec,3190.224 sec,1.335 sec
625,191222,191487,3190.224 sec,3194.645 sec,4.421 sec
626,191487,191579,3194.645 sec,3196.180 sec,1.535 sec
627,191579,192684,3196.180 sec,3214.615 sec,18.435 sec
628,192684,194774,3214.615 sec,3249.483 sec,34.868 sec
629,194774,195289,3249.483 sec,3258.075 sec,8.592 sec
630,195289,196219,3258.075 sec,3273.590 sec,15.516 sec
631,196219,196342,3273.590 sec,3275.642 sec,2.052 sec
632,196342,197247,3275.642 sec,3290.741 sec,15.098 sec
633,197247,197907,3290.741 sec,3301.752 sec,11.011 sec
634,197907,200514,3301.752 sec,3345.245 sec,43.493 sec
635,200514,201067,3345.245 sec,3354.471 sec,9.226 sec
636,201067,201162,3354.471 sec,3356.056 sec,1.585 sec
637,201162,201332,3356.056 sec,3358.892 sec,2.836 sec
638,201332,202382,3358.892 sec,3376.410 sec,17.518 sec
639,202382,202562,3376.410 sec,3379.413 sec,3.003 sec
640,202562,202759,3379.413 sec,3382.699 sec,3.287 sec
641,202759,202944,3382.699 sec,3385.786 sec,3.086 sec
642,202944,203024,3385.786 sec,3387.120 sec,1.335 sec
643,203024,203839,3387.120 sec,3400.717 sec,13.597 sec
644,203839,204517,3400.717 sec,3412.029 sec,11.311 sec
645,204517,204617,3412.029 sec,3413.697 sec,1.668 sec
646,204617,204717,3413.697 sec,3415.365 sec,1.668 sec
647,204717,204857,3415.365 sec,3417.701 sec,2.336 sec
648,204857,204929,3417.701 sec,3418.902 sec,1.201 sec
649,204929,205174,3418.902 sec,3422.990 sec,4.087 sec
650,205174,205212,3422.990 sec,3423.624 sec,0.634 sec
651,205212,205257,3423.624 sec,3424.374 sec,0.751 sec
652,205257,205297,3424.374 sec,3425.042 sec,0.667 sec
653,205297,205352,3425.042 sec,3425.959 sec,0.918 sec
654,205352,205774,3425.959 sec,3433.000 sec,7.040 sec
655,205774,205814,3433.000 sec,3433.667 sec,0.667 sec
656,205814,205852,3433.667 sec,3434.301 sec,0.634 sec
657,205852,206027,3434.301 sec,3437.221 sec,2.920 sec
658,206027,206069,3437.221 sec,3437.921 sec,0.701 sec
659,206069,206154,3437.921 sec,3439.339 sec,1.418 sec
660,206154,206584,3439.339 sec,3446.513 sec,7.174 sec
661,206584,206747,3446.513 sec,3449.233 sec,2.719 sec
662,206747,207017,3449.233 sec,3453.737 sec,4.505 sec
663,207017,207382,3453.737 sec,3459.826 sec,6.089 sec
664,207382,207574,3459.826 sec,3463.030 sec,3.203 sec
665,207574,207712,3463.030 sec,3465.332 sec,2.302 sec
666,207712,207934,3465.332 sec,3469.036 sec,3.704 sec
667,207934,208647,3469.036 sec,3480.931 sec,11.895 sec
668,208647,208749,3480.931 sec,3482.633 sec,1.702 sec
669,208749,209642,3482.633 sec,3497.531 sec,14.898 sec
670,209642,210119,3497.531 sec,3505.489 sec,7.958 sec
671,210119,214249,3505.489 sec,3574.391 sec,68.902 sec
672,214249,216488,3574.391 sec,3611.745 sec,37.354 sec
673,216488,216721,3611.745 sec,3615.632 sec,3.887 sec
674,216721,218258,3615.632 sec,3641.275 sec,25.642 sec
675,218258,218833,3641.275 sec,3650.868 sec,9.593 sec
676,218833,218963,3650.868 sec,3653.036 sec,2.169 sec
677,218963,219221,3653.036 sec,3657.341 sec,4.304 sec
678,219221,219298,3657.341 sec,3658.625 sec,1.285 sec
679,219298,219573,3658.625 sec,3663.213 sec,4.588 sec
680,219573,221283,3663.213 sec,3691.742 sec,28.529 sec
681,221283,221461,3691.742 sec,3694.711 sec,2.970 sec
682,221461,221613,3694.711 sec,3697.247 sec,2.536 sec
683,221613,221728,3697.247 sec,3699.166 sec,1.919 sec
684,221728,222116,3699.166 sec,3705.639 sec,6.473 sec
685,222116,222306,3705.639 sec,3708.809 sec,3.170 sec
686,222306,222493,3708.809 sec,3711.929 sec,3.120 sec
687,222493,222676,3711.929 sec,3714.982 sec,3.053 sec
688,222676,223428,3714.982 sec,3727.528 sec,12.546 sec
689,223428,223666,3727.528 sec,3731.498 sec,3.971 sec
690,223666,223771,3731.498 sec,3733.250 sec,1.752 sec
691,223771,225538,3733.250 sec,3762.729 sec,29.479 sec
692,225538,227388,3762.729 sec,3793.594 sec,30.864 sec
693,227388,229475,3793.594 sec,3828.412 sec,34.818 sec
694,229475,231475,3828.412 sec,3861.778 sec,33.367 sec
695,231475,233110,3861.778 sec,3889.056 sec,27.277 sec
696,233110,233400,3889.056 sec,3893.894 sec,4.838 sec
697,233400,234612,3893.894 sec,3914.114 sec,20.220 sec
698,234612,234742,3914.114 sec,3916.283 sec,2.169 sec
699,234742,250627,3916.283 sec,4181.298 sec,265.015 sec
700,250627,250914,4181.298 sec,4186.086 sec,4.788 sec
701,250914,251387,4186.086 sec,4193.977 sec,7.891 sec
702,251387,252087,4193.977 sec,4205.656 sec,11.678 sec
703,252087,252222,4205.656 sec,4207.908 sec,2.252 sec
704,252222,252484,4207.908 sec,4212.279 sec,4.371 sec
705,252484,256587,4212.279 sec,4280.731 sec,68.452 sec
706,256587,257027,4280.731 sec,4288.071 sec,7.341 sec
707,257027,257149,4288.071 sec,4290.107 sec,2.035 sec
708,257149,257174,4290.107 sec,4290.524 sec,0.417 sec
709,257174,257222,4290.524 sec,4291.325 sec,0.801 sec
710,257222,257244,4291.325 sec,4291.692 sec,0.367 sec
711,257244,257287,4291.692 sec,4292.409 sec,0.717 sec
712,257287,257324,4292.409 sec,4293.026 sec,0.617 sec
713,257324,257347,4293.026 sec,4293.410 sec,0.384 sec
714,257347,257362,4293.410 sec,4293.660 sec,0.250 sec
715,257362,257387,4293.660 sec,4294.077 sec,0.417 sec
716,257387,257434,4294.077 sec,4294.862 sec,0.784 sec
717,257434,257462,4294.862 sec,4295.329 sec,0.467 sec
718,257462,257697,4295.329 sec,4299.249 sec,3.921 sec
719,257697,258239,4299.249 sec,4308.292 sec,9.042 sec
720,258239,258457,4308.292 sec,4311.929 sec,3.637 sec
721,258457,258950,4311.929 sec,4320.153 sec,8.225 sec
722,258950,260720,4320.153 sec,4349.683 sec,29.530 sec
723,260720,260965,4349.683 sec,4353.770 sec,4.087 sec
724,260965,261332,4353.770 sec,4359.893 sec,6.123 sec
725,261332,261757,4359.893 sec,4366.984 sec,7.090 sec
726,261757,262002,4366.984 sec,4371.071 sec,4.087 sec
727,262002,262222,4371.071 sec,4374.741 sec,3.670 sec
728,262222,262512,4374.741 sec,4379.580 sec,4.838 sec
729,262512,262677,4379.580 sec,4382.332 sec,2.753 sec
730,262677,263390,4382.332 sec,4394.228 sec,11.895 sec
731,263390,263912,4394.228 sec,4402.936 sec,8.709 sec
732,263912,264322,4402.936 sec,4409.776 sec,6.840 sec
733,264322,264772,4409.776 sec,4417.284 sec,7.508 sec
734,264772,264955,4417.284 sec,4420.337 sec,3.053 sec
735,264955,265357,4420.337 sec,4427.044 sec,6.707 sec
736,265357,265432,4427.044 sec,4428.295 sec,1.251 sec
737,265432,265540,4428.295 sec,4430.097 sec,1.802 sec
738,265540,265757,4430.097 sec,4433.717 sec,3.620 sec
739,265757,265907,4433.717 sec,4436.220 sec,2.503 sec
740,265907,266040,4436.220 sec,4438.438 sec,2.219 sec
741,266040,266497,4438.438 sec,4446.063 sec,7.624 sec
742,266497,266980,4446.063 sec,4454.121 sec,8.058 sec
743,266980,267165,4454.121 sec,4457.207 sec,3.086 sec
744,267165,267702,4457.207 sec,4466.166 sec,8.959 sec
745,267702,267930,4466.166 sec,4469.970 sec,3.804 sec
746,267930,268067,4469.970 sec,4472.256 sec,2.286 sec
747,268067,268355,4472.256 sec,4477.060 sec,4.805 sec
748,268355,268487,4477.060 sec,4479.263 sec,2.202 sec
749,268487,268567,4479.263 sec,4480.597 sec,1.335 sec
750,268567,269160,4480.597 sec,4490.490 sec,9.893 sec
751,269160,269270,4490.490 sec,4492.326 sec,1.835 sec
752,269270,269380,4492.326 sec,4494.161 sec,1.835 sec
753,269380,269480,4494.161 sec,4495.829 sec,1.668 sec
754,269480,269710,4495.829 sec,4499.666 sec,3.837 sec
755,269710,269977,4499.666 sec,4504.121 sec,4.454 sec
756,269977,270252,4504.121 sec,4508.709 sec,4.588 sec
757,270252,270345,4508.709 sec,4510.260 sec,1.552 sec
758,270345,270450,4510.260 sec,4512.012 sec,1.752 sec
759,270450,270690,4512.012 sec,4516.016 sec,4.004 sec
760,270690,270762,4516.016 sec,4517.217 sec,1.201 sec
761,270762,270890,4517.217 sec,4519.353 sec,2.135 sec
762,270890,270972,4519.353 sec,4520.721 sec,1.368 sec
763,270972,271310,4520.721 sec,4526.360 sec,5.639 sec
764,271310,271552,4526.360 sec,4530.397 sec,4.037 sec
765,271552,271702,4530.397 sec,4532.900 sec,2.503 sec
766,271702,272197,4532.900 sec,4541.158 sec,8.258 sec
767,272197,272295,4541.158 sec,4542.793 sec,1.635 sec
768,272295,272542,4542.793 sec,4546.914 sec,4.121 sec
769,272542,272625,4546.914 sec,4548.298 sec,1.385 sec
770,272625,272747,4548.298 sec,4550.334 sec,2.035 sec
771,272747,273500,4550.334 sec,4562.896 sec,12.563 sec
772,273500,273722,4562.896 sec,4566.600 sec,3.704 sec
773,273722,273840,4566.600 sec,4568.569 sec,1.969 sec
774,273840,274097,4568.569 sec,4572.856 sec,4.288 sec
775,274097,274240,4572.856 sec,4575.242 sec,2.386 sec
776,274240,274357,4575.242 sec,4577.194 sec,1.952 sec
777,274357,274437,4577.194 sec,4578.529 sec,1.335 sec
778,274437,274505,4578.529 sec,4579.663 sec,1.134 sec
779,274505,274602,4579.663 sec,4581.281 sec,1.618 sec
780,274602,274755,4581.281 sec,4583.834 sec,2.553 sec
781,274755,274867,4583.834 sec,4585.702 sec,1.869 sec
782,274867,275022,4585.702 sec,4588.288 sec,2.586 sec
783,275022,275102,4588.288 sec,4589.623 sec,1.335 sec
784,275102,275212,4589.623 sec,4591.458 sec,1.835 sec
785,275212,275412,4591.458 sec,4594.795 sec,3.337 sec
786,275412,275732,4594.795 sec,4600.133 sec,5.339 sec
787,275732,275755,4600.133 sec,4600.517 sec,0.384 sec
788,275755,275785,4600.517 sec,4601.018 sec,0.501 sec
789,275785,275857,4601.018 sec,4602.219 sec,1.201 sec
790,275857,276037,4602.219 sec,4605.222 sec,3.003 sec
791,276037,276377,4605.222 sec,4610.894 sec,5.672 sec
792,276377,276647,4610.894 sec,4615.399 sec,4.505 sec
793,276647,276795,4615.399 sec,4617.868 sec,2.469 sec
794,276795,277025,4617.868 sec,4621.705 sec,3.837 sec
795,277025,277125,4621.705 sec,4623.373 sec,1.668 sec
796,277125,277202,4623.373 sec,4624.658 sec,1.285 sec
797,277202,277330,4624.658 sec,4626.793 sec,2.135 sec
798,277330,277422,4626.793 sec,4628.328 sec,1.535 sec
799,277422,277625,4628.328 sec,4631.715 sec,3.387 sec
800,277625,277750,4631.715 sec,4633.800 sec,2.085 sec
801,277750,277895,4633.800 sec,4636.220 sec,2.419 sec
802,277895,278020,4636.220 sec,4638.305 sec,2.085 sec
803,278020,278153,4638.305 sec,4640.524 sec,2.219 sec
804,278153,278290,4640.524 sec,4642.809 sec,2.286 sec
805,278290,278538,4642.809 sec,4646.947 sec,4.137 sec
806,278538,278618,4646.947 sec,4648.282 sec,1.335 sec
807,278618,278735,4648.282 sec,4650.234 sec,1.952 sec
808,278735,278900,4650.234 sec,4652.986 sec,2.753 sec
809,278900,278990,4652.986 sec,4654.488 sec,1.502 sec
810,278990,279055,4654.488 sec,4655.572 sec,1.084 sec
811,279055,279163,4655.572 sec,4657.374 sec,1.802 sec
812,279163,279230,4657.374 sec,4658.492 sec,1.118 sec
813,279230,279325,4658.492 sec,4660.077 sec,1.585 sec
814,279325,279413,4660.077 sec,4661.545 sec,1.468 sec
815,279413,279820,4661.545 sec,4668.335 sec,6.790 sec
816,279820,279995,4668.335 sec,4671.255 sec,2.920 sec
817,279995,280188,4671.255 sec,4674.474 sec,3.220 sec
818,280188,280293,4674.474 sec,4676.226 sec,1.752 sec
819,280293,280595,4676.226 sec,4681.265 sec,5.038 sec
820,280595,280685,4681.265 sec,4682.766 sec,1.502 sec
821,280685,280905,4682.766 sec,4686.436 sec,3.670 sec
822,280905,281103,4686.436 sec,4689.740 sec,3.303 sec
823,281103,281628,4689.740 sec,4698.498 sec,8.759 sec
824,281628,281775,4698.498 sec,4700.951 sec,2.452 sec
825,281775,281930,4700.951 sec,4703.537 sec,2.586 sec
826,281930,282223,4703.537 sec,4708.425 sec,4.888 sec
827,282223,282345,4708.425 sec,4710.460 sec,2.035 sec
828,282345,282543,4710.460 sec,4713.764 sec,3.303 sec
829,282543,282635,4713.764 sec,4715.299 sec,1.535 sec
830,282635,282788,4715.299 sec,4717.851 sec,2.553 sec
831,282788,282845,4717.851 sec,4718.802 sec,0.951 sec
832,282845,282915,4718.802 sec,4719.970 sec,1.168 sec
833,282915,282938,4719.970 sec,4720.354 sec,0.384 sec
834,282938,282963,4720.354 sec,4720.771 sec,0.417 sec
835,282963,283000,4720.771 sec,4721.388 sec,0.617 sec
836,283000,283030,4721.388 sec,4721.889 sec,0.501 sec
837,283030,283098,4721.889 sec,4723.023 sec,1.134 sec
838,283098,283233,4723.023 sec,4725.275 sec,2.252 sec
839,283233,283320,4725.275 sec,4726.727 sec,1.451 sec
840,283320,283373,4726.727 sec,4727.611 sec,0.884 sec
841,283373,283460,4727.611 sec,4729.062 sec,1.451 sec
842,283460,283528,4729.062 sec,4730.197 sec,1.134 sec
843,283528,283600,4730.197 sec,4731.398 sec,1.201 sec
844,283600,283650,4731.398 sec,4732.232 sec,0.834 sec
845,283650,283760,4732.232 sec,4734.067 sec,1.835 sec
846,283760,283835,4734.067 sec,4735.319 sec,1.251 sec
847,283835,283908,4735.319 sec,4736.537 sec,1.218 sec
848,283908,284090,4736.537 sec,4739.573 sec,3.036 sec
849,284090,284170,4739.573 sec,4740.908 sec,1.335 sec
850,284170,284255,4740.908 sec,4742.326 sec,1.418 sec
851,284255,284288,4742.326 sec,4742.876 sec,0.551 sec
852,284288,284523,4742.876 sec,4746.797 sec,3.921 sec
853,284523,284563,4746.797 sec,4747.464 sec,0.667 sec
854,284563,284615,4747.464 sec,4748.332 sec,0.868 sec
855,284615,284663,4748.332 sec,4749.132 sec,0.801 sec
856,284663,284693,4749.132 sec,4749.633 sec,0.501 sec
857,284693,284715,4749.633 sec,4750.000 sec,0.367 sec
858,284715,284730,4750.000 sec,4750.250 sec,0.250 sec
859,284730,284798,4750.250 sec,4751.385 sec,1.134 sec
860,284798,284825,4751.385 sec,4751.835 sec,0.450 sec
861,284825,284910,4751.835 sec,4753.253 sec,1.418 sec
862,284910,284973,4753.253 sec,4754.304 sec,1.051 sec
863,284973,285003,4754.304 sec,4754.805 sec,0.501 sec
864,285003,285080,4754.805 sec,4756.089 sec,1.285 sec
865,285080,285165,4756.089 sec,4757.508 sec,1.418 sec
866,285165,285220,4757.508 sec,4758.425 sec,0.918 sec
867,285220,285238,4758.425 sec,4758.725 sec,0.300 sec
868,285238,285285,4758.725 sec,4759.510 sec,0.784 sec
869,285285,285310,4759.510 sec,4759.927 sec,0.417 sec
870,285310,285368,4759.927 sec,4760.894 sec,0.968 sec
871,285368,285405,4760.894 sec,4761.512 sec,0.617 sec
872,285405,285430,4761.512 sec,4761.929 sec,0.417 sec
873,285430,285455,4761.929 sec,4762.346 sec,0.417 sec
874,285455,285513,4762.346 sec,4763.313 sec,0.968 sec
875,285513,285688,4763.313 sec,4766.233 sec,2.920 sec
876,285688,285865,4766.233 sec,4769.186 sec,2.953 sec
877,285865,286133,4769.186 sec,4773.657 sec,4.471 sec
878,286133,286260,4773.657 sec,4775.776 sec,2.119 sec
879,286260,286335,4775.776 sec,4777.027 sec,1.251 sec
880,286335,286423,4777.027 sec,4778.495 sec,1.468 sec
881,286423,286605,4778.495 sec,4781.532 sec,3.036 sec
882,286605,286835,4781.532 sec,4785.369 sec,3.837 sec
883,286835,287060,4785.369 sec,4789.122 sec,3.754 sec
884,287060,287210,4789.122 sec,4791.625 sec,2.503 sec
885,287210,287418,4791.625 sec,4795.095 sec,3.470 sec
886,287418,287470,4795.095 sec,4795.963 sec,0.868 sec
887,287470,287600,4795.963 sec,4798.131 sec,2.169 sec
888,287600,288070,4798.131 sec,4805.973 sec,7.841 sec
889,288070,288315,4805.973 sec,4810.060 sec,4.087 sec
890,288315,288723,4810.060 sec,4816.867 sec,6.807 sec
891,288723,288908,4816.867 sec,4819.953 sec,3.086 sec
892,288908,289168,4819.953 sec,4824.291 sec,4.338 sec
893,289168,289338,4824.291 sec,4827.127 sec,2.836 sec
894,289338,289658,4827.127 sec,4832.466 sec,5.339 sec
895,289658,289870,4832.466 sec,4836.003 sec,3.537 sec
896,289870,290128,4836.003 sec,4840.307 sec,4.304 sec
897,290128,290323,4840.307 sec,4843.560 sec,3.253 sec
898,290323,290455,4843.560 sec,4845.762 sec,2.202 sec
899,290455,290588,4845.762 sec,4847.981 sec,2.219 sec
900,290588,290833,4847.981 sec,4852.069 sec,4.087 sec
901,290833,291050,4852.069 sec,4855.689 sec,3.620 sec
902,291050,291193,4855.689 sec,4858.075 sec,2.386 sec
903,291193,291605,4858.075 sec,4864.948 sec,6.874 sec
904,291605,292040,4864.948 sec,4872.206 sec,7.257 sec
905,292040,292168,4872.206 sec,4874.341 sec,2.135 sec
906,292168,292340,4874.341 sec,4877.211 sec,2.870 sec
907,292340,292480,4877.211 sec,4879.546 sec,2.336 sec
908,292480,292670,4879.546 sec,4882.716 sec,3.170 sec
909,292670,292870,4882.716 sec,4886.053 sec,3.337 sec
910,292870,293050,4886.053 sec,4889.056 sec,3.003 sec
911,293050,293395,4889.056 sec,4894.811 sec,5.756 sec
912,293395,293538,4894.811 sec,4897.197 sec,2.386 sec
913,293538,293790,4897.197 sec,4901.401 sec,4.204 sec
914,293790,293948,4901.401 sec,4904.037 sec,2.636 sec
915,293948,294115,4904.037 sec,4906.823 sec,2.786 sec
916,294115,294220,4906.823 sec,4908.575 sec,1.752 sec
917,294220,294327,4908.575 sec,4910.360 sec,1.785 sec
918,294327,294860,4910.360 sec,4919.253 sec,8.892 sec
919,294860,294985,4919.253 sec,4921.338 sec,2.085 sec
920,294985,295220,4921.338 sec,4925.259 sec,3.921 sec
921,295220,295462,4925.259 sec,4929.296 sec,4.037 sec
922,295462,295685,4929.296 sec,4933.016 sec,3.720 sec
923,295685,295860,4933.016 sec,4935.936 sec,2.920 sec
924,295860,296215,4935.936 sec,4941.859 sec,5.923 sec
925,296215,296447,4941.859 sec,4945.729 sec,3.871 sec
926,296447,296550,4945.729 sec,4947.447 sec,1.718 sec
927,296550,296955,4947.447 sec,4954.204 sec,6.757 sec
928,296955,297397,4954.204 sec,4961.578 sec,7.374 sec
929,297397,298065,4961.578 sec,4972.723 sec,11.144 sec
930,298065,298370,4972.723 sec,4977.811 sec,5.088 sec
931,298370,298807,4977.811 sec,4985.102 sec,7.291 sec
932,298807,299352,4985.102 sec,4994.194 sec,9.092 sec
933,299352,299767,4994.194 sec,5001.118 sec,6.924 sec
934,299767,299887,5001.118 sec,5003.120 sec,2.002 sec
935,299887,300145,5003.120 sec,5007.424 sec,4.304 sec
936,300145,300937,5007.424 sec,5020.637 sec,13.213 sec
937,300937,301305,5020.637 sec,5026.777 sec,6.139 sec
938,301305,301332,5026.777 sec,5027.227 sec,0.450 sec
939,301332,301665,5027.227 sec,5032.783 sec,5.556 sec
940,301665,301822,5032.783 sec,5035.402 sec,2.619 sec
941,301822,302022,5035.402 sec,5038.739 sec,3.337 sec
942,302022,302265,5038.739 sec,5042.793 sec,4.054 sec
943,302265,302405,5042.793 sec,5045.128 sec,2.336 sec
944,302405,302585,5045.128 sec,5048.131 sec,3.003 sec
945,302585,302720,5048.131 sec,5050.384 sec,2.252 sec
946,302720,302850,5050.384 sec,5052.553 sec,2.169 sec
947,302850,303027,5052.553 sec,5055.506 sec,2.953 sec
948,303027,303092,5055.506 sec,5056.590 sec,1.084 sec
949,303092,303162,5056.590 sec,5057.758 sec,1.168 sec
950,303162,303222,5057.758 sec,5058.759 sec,1.001 sec
951,303222,303267,5058.759 sec,5059.510 sec,0.751 sec
952,303267,303297,5059.510 sec,5060.010 sec,0.501 sec
953,303297,303450,5060.010 sec,5062.563 sec,2.553 sec
954,303450,303532,5062.563 sec,5063.931 sec,1.368 sec
955,303532,303838,5063.931 sec,5069.036 sec,5.105 sec
956,303838,304563,5069.036 sec,5081.131 sec,12.095 sec
957,304563,304688,5081.131 sec,5083.217 sec,2.085 sec
958,304688,304976,5083.217 sec,5088.021 sec,4.805 sec
959,304976,305148,5088.021 sec,5090.891 sec,2.870 sec
960,305148,305236,5090.891 sec,5092.359 sec,1.468 sec
961,305236,305361,5092.359 sec,5094.444 sec,2.085 sec
962,305361,305843,5094.444 sec,5102.486 sec,8.041 sec
963,305843,306433,5102.486 sec,5112.329 sec,9.843 sec
964,306433,306616,5112.329 sec,5115.382 sec,3.053 sec
965,306616,306766,5115.382 sec,5117.885 sec,2.503 sec
966,306766,306913,5117.885 sec,5120.337 sec,2.452 sec
967,306913,306963,5120.337 sec,5121.171 sec,0.834 sec
968,306963,307131,5121.171 sec,5123.974 sec,2.803 sec
969,307131,307483,5123.974 sec,5129.847 sec,5.873 sec
970,307483,307561,5129.847 sec,5131.148 sec,1.301 sec
971,307561,307708,5131.148 sec,5133.600 sec,2.452 sec
972,307708,308088,5133.600 sec,5139.940 sec,6.340 sec
973,308088,308178,5139.940 sec,5141.441 sec,1.502 sec
974,308178,308428,5141.441 sec,5145.612 sec,4.171 sec
975,308428,308518,5145.612 sec,5147.114 sec,1.502 sec
976,308518,308733,5147.114 sec,5150.701 sec,3.587 sec
977,308733,309248,5150.701 sec,5159.293 sec,8.592 sec
978,309248,309283,5159.293 sec,5159.877 sec,0.584 sec
979,309283,309313,5159.877 sec,5160.377 sec,0.501 sec
980,309313,309396,5160.377 sec,5161.762 sec,1.385 sec
981,309396,309811,5161.762 sec,5168.685 sec,6.924 sec
982,309811,309931,5168.685 sec,5170.687 sec,2.002 sec
983,309931,309986,5170.687 sec,5171.605 sec,0.918 sec
984,309986,310106,5171.605 sec,5173.607 sec,2.002 sec
985,310106,310171,5173.607 sec,5174.691 sec,1.084 sec
986,310171,310256,5174.691 sec,5176.109 sec,1.418 sec
987,310256,310336,5176.109 sec,5177.444 sec,1.335 sec
988,310336,310471,5177.444 sec,5179.696 sec,2.252 sec
989,310471,310888,5179.696 sec,5186.653 sec,6.957 sec
990,310888,311028,5186.653 sec,5188.989 sec,2.336 sec
991,311028,311116,5188.989 sec,5190.457 sec,1.468 sec
992,311116,311203,5190.457 sec,5191.909 sec,1.451 sec
993,311203,311311,5191.909 sec,5193.710 sec,1.802 sec
994,311311,311333,5193.710 sec,5194.077 sec,0.367 sec
995,311333,311378,5194.077 sec,5194.828 sec,0.751 sec
996,311378,311613,5194.828 sec,5198.749 sec,3.921 sec
997,311613,311656,5198.749 sec,5199.466 sec,0.717 sec
998,311656,311751,5199.466 sec,5201.051 sec,1.585 sec
999,311751,311773,5201.051 sec,5201.418 sec,0.367 sec
1000,311773,311961,5201.418 sec,5204.555 sec,3.136 sec
1001,311961,312048,5204.555 sec,5206.006 sec,1.451 sec
1002,312048,312081,5206.006 sec,5206.557 sec,0.551 sec
1003,312081,312113,5206.557 sec,5207.090 sec,0.534 sec
1004,312113,312351,5207.090 sec,5211.061 sec,3.971 sec
1005,312351,312488,5211.061 sec,5213.347 sec,2.286 sec
1006,312488,312588,5213.347 sec,5215.015 sec,1.668 sec
1007,312588,312723,5215.015 sec,5217.267 sec,2.252 sec
1008,312723,312853,5217.267 sec,5219.436 sec,2.169 sec
1009,312853,312896,5219.436 sec,5220.153 sec,0.717 sec
1010,312896,313006,5220.153 sec,5221.989 sec,1.835 sec
1011,313006,313073,5221.989 sec,5223.106 sec,1.118 sec
1012,313073,313261,5223.106 sec,5226.243 sec,3.136 sec
1013,313261,313313,5226.243 sec,5227.110 sec,0.868 sec
1014,313313,313448,5227.110 sec,5229.363 sec,2.252 sec
1015,313448,313533,5229.363 sec,5230.781 sec,1.418 sec
1016,313533,313593,5230.781 sec,5231.782 sec,1.001 sec
1017,313593,313806,5231.782 sec,5235.335 sec,3.554 sec
1018,313806,313916,5235.335 sec,5237.171 sec,1.835 sec
1019,313916,314236,5237.171 sec,5242.509 sec,5.339 sec
1020,314236,314574,5242.509 sec,5248.148 sec,5.639 sec
1021,314574,314664,5248.148 sec,5249.650 sec,1.502 sec
1022,314664,314812,5249.650 sec,5252.119 sec,2.469 sec
1023,314812,314937,5252.119 sec,5254.204 sec,2.085 sec
1024,314937,315164,5254.204 sec,5257.991 sec,3.787 sec
1025,315164,315249,5257.991 sec,5259.409 sec,1.418 sec
1026,315249,315364,5259.409 sec,5261.328 sec,1.919 sec
1027,315364,315417,5261.328 sec,5262.212 sec,0.884 sec
1028,315417,315454,5262.212 sec,5262.829 sec,0.617 sec
1029,315454,315529,5262.829 sec,5264.081 sec,1.251 sec
1030,315529,315577,5264.081 sec,5264.882 sec,0.801 sec
1031,315577,315652,5264.882 sec,5266.133 sec,1.251 sec
1032,315652,315722,5266.133 sec,5267.301 sec,1.168 sec
1033,315722,315762,5267.301 sec,5267.968 sec,0.667 sec
1034,315762,315827,5267.968 sec,5269.052 sec,1.084 sec
1035,315827,315852,5269.052 sec,5269.469 sec,0.417 sec
1036,315852,315912,5269.469 sec,5270.470 sec,1.001 sec
1037,315912,315979,5270.470 sec,5271.588 sec,1.118 sec
1038,315979,316024,5271.588 sec,5272.339 sec,0.751 sec
1039,316024,316099,5272.339 sec,5273.590 sec,1.251 sec
1040,316099,316157,5273.590 sec,5274.558 sec,0.968 sec
1041,316157,316227,5274.558 sec,5275.726 sec,1.168 sec
1042,316227,316279,5275.726 sec,5276.593 sec,0.868 sec
1043,316279,316319,5276.593 sec,5277.261 sec,0.667 sec
1044,316319,316417,5277.261 sec,5278.896 sec,1.635 sec
1045,316417,316659,5278.896 sec,5282.933 sec,4.037 sec
1046,316659,316742,5282.933 sec,5284.318 sec,1.385 sec
1047,316742,317259,5284.318 sec,5292.943 sec,8.625 sec
1048,317259,317982,5292.943 sec,5305.005 sec,12.062 sec
1049,317982,318217,5305.005 sec,5308.926 sec,3.921 sec
1050,318217,319244,5308.926 sec,5326.059 sec,17.134 sec
1051,319244,319626,5326.059 sec,5332.432 sec,6.373 sec
1052,319626,319856,5332.432 sec,5336.270 sec,3.837 sec
1053,319856,320064,5336.270 sec,5339.740 sec,3.470 sec
1054,320064,320164,5339.740 sec,5341.408 sec,1.668 sec
1055,320164,320356,5341.408 sec,5344.611 sec,3.203 sec
1056,320356,320467,5344.611 sec,5346.463 sec,1.852 sec
1057,320467,320673,5346.463 sec,5349.900 sec,3.437 sec
1058,320673,320788,5349.900 sec,5351.818 sec,1.919 sec
1059,320788,321498,5351.818 sec,5363.664 sec,11.845 sec
1060,321498,321588,5363.664 sec,5365.165 sec,1.502 sec
1061,321588,322513,5365.165 sec,5380.597 sec,15.432 sec
1062,322513,322651,5380.597 sec,5382.900 sec,2.302 sec
1063,322651,322876,5382.900 sec,5386.653 sec,3.754 sec
1064,322876,323283,5386.653 sec,5393.443 sec,6.790 sec
1065,323283,323591,5393.443 sec,5398.582 sec,5.138 sec
1066,323591,323683,5398.582 sec,5400.117 sec,1.535 sec
1067,323683,323986,5400.117 sec,5405.172 sec,5.055 sec
1068,323986,324078,5405.172 sec,5406.707 sec,1.535 sec
1069,324078,324143,5406.707 sec,5407.791 sec,1.084 sec
1070,324143,324606,5407.791 sec,5415.516 sec,7.724 sec
1071,324606,324706,5415.516 sec,5417.184 sec,1.668 sec
1072,324706,325543,5417.184 sec,5431.148 sec,13.964 sec
1073,325543,325596,5431.148 sec,5432.032 sec,0.884 sec
1074,325596,326031,5432.032 sec,5439.289 sec,7.257 sec
1075,326031,326111,5439.289 sec,5440.624 sec,1.335 sec
1076,326111,326843,5440.624 sec,5452.836 sec,12.212 sec
1077,326843,326926,5452.836 sec,5454.221 sec,1.385 sec
1078,326926,327148,5454.221 sec,5457.925 sec,3.704 sec
1079,327148,327328,5457.925 sec,5460.928 sec,3.003 sec
1080,327328,327501,5460.928 sec,5463.814 sec,2.886 sec
1081,327501,328043,5463.814 sec,5472.856 sec,9.042 sec
1082,328043,329518,5472.856 sec,5497.464 sec,24.608 sec
1083,329518,329876,5497.464 sec,5503.437 sec,5.973 sec
1084,329876,330178,5503.437 sec,5508.475 sec,5.038 sec
1085,330178,331201,5508.475 sec,5525.542 sec,17.067 sec
1086,331201,331336,5525.542 sec,5527.794 sec,2.252 sec
1087,331336,331868,5527.794 sec,5536.670 sec,8.876 sec
1088,331868,332018,5536.670 sec,5539.173 sec,2.503 sec
1089,332018,332658,5539.173 sec,5549.850 sec,10.677 sec
1090,332658,332781,5549.850 sec,5551.902 sec,2.052 sec
1091,332781,332858,5551.902 sec,5553.187 sec,1.285 sec
1092,332858,332968,5553.187 sec,5555.022 sec,1.835 sec
1093,332968,334208,5555.022 sec,5575.709 sec,20.687 sec
1094,334208,334418,5575.709 sec,5579.213 sec,3.504 sec
1095,334418,334533,5579.213 sec,5581.131 sec,1.919 sec
1096,334533,334733,5581.131 sec,5584.468 sec,3.337 sec
1097,334733,335066,5584.468 sec,5590.023 sec,5.556 sec
1098,335066,335483,5590.023 sec,5596.980 sec,6.957 sec
1099,335483,335831,5596.980 sec,5602.786 sec,5.806 sec
1100,335831,335953,5602.786 sec,5604.821 sec,2.035 sec
1101,335953,336546,5604.821 sec,5614.715 sec,9.893 sec
1102,336546,336676,5614.715 sec,5616.884 sec,2.169 sec
1103,336676,337218,5616.884 sec,5625.926 sec,9.042 sec
1104,337218,337386,5625.926 sec,5628.729 sec,2.803 sec
1105,337386,338141,5628.729 sec,5641.325 sec,12.596 sec
1106,338141,338248,5641.325 sec,5643.110 sec,1.785 sec
1107,338248,338536,5643.110 sec,5647.915 sec,4.805 sec
1108,338536,338746,5647.915 sec,5651.418 sec,3.504 sec
1109,338746,339051,5651.418 sec,5656.507 sec,5.088 sec
1110,339051,339296,5656.507 sec,5660.594 sec,4.087 sec
1111,339296,339496,5660.594 sec,5663.931 sec,3.337 sec
1112,339496,339613,5663.931 sec,5665.883 sec,1.952 sec
1113,339613,339703,5665.883 sec,5667.384 sec,1.502 sec
1114,339703,339813,5667.384 sec,5669.219 sec,1.835 sec
1115,339813,339901,5669.219 sec,5670.687 sec,1.468 sec
1116,339901,339998,5670.687 sec,5672.306 sec,1.618 sec
1117,339998,340071,5672.306 sec,5673.524 sec,1.218 sec
1118,340071,340186,5673.524 sec,5675.442 sec,1.919 sec
1119,340186,340551,5675.442 sec,5681.532 sec,6.089 sec
1120,340551,340621,5681.532 sec,5682.699 sec,1.168 sec
1121,340621,341298,5682.699 sec,5693.994 sec,11.295 sec
1122,341298,341583,5693.994 sec,5698.749 sec,4.755 sec
1123,341583,341683,5698.749 sec,5700.417 sec,1.668 sec
1124,341683,341831,5700.417 sec,5702.886 sec,2.469 sec
1125,341831,342773,5702.886 sec,5718.602 sec,15.716 sec
1126,342773,342826,5718.602 sec,5719.486 sec,0.884 sec
1127,342826,343189,5719.486 sec,5725.542 sec,6.056 sec
1128,343189,343769,5725.542 sec,5735.219 sec,9.676 sec
1129,343769,343907,5735.219 sec,5737.521 sec,2.302 sec
1130,343907,344067,5737.521 sec,5740.190 sec,2.669 sec
1131,344067,344482,5740.190 sec,5747.114 sec,6.924 sec
1132,344482,344637,5747.114 sec,5749.700 sec,2.586 sec
1133,344637,345177,5749.700 sec,5758.709 sec,9.009 sec
1134,345177,345382,5758.709 sec,5762.129 sec,3.420 sec
1135,345382,346322,5762.129 sec,5777.811 sec,15.682 sec
1136,346322,346617,5777.811 sec,5782.733 sec,4.922 sec
1137,346617,346909,5782.733 sec,5787.604 sec,4.872 sec
1138,346909,347297,5787.604 sec,5794.077 sec,6.473 sec
1139,347297,347432,5794.077 sec,5796.330 sec,2.252 sec
1140,347432,347977,5796.330 sec,5805.422 sec,9.092 sec
1141,347977,348074,5805.422 sec,5807.040 sec,1.618 sec
1142,348074,348149,5807.040 sec,5808.292 sec,1.251 sec
1143,348149,348592,5808.292 sec,5815.682 sec,7.391 sec
1144,348592,348866,5815.682 sec,5820.254 sec,4.571 sec
1145,348866,349271,5820.254 sec,5827.010 sec,6.757 sec
1146,349271,349341,5827.010 sec,5828.178 sec,1.168 sec
1147,349341,349698,5828.178 sec,5834.134 sec,5.956 sec
1148,349698,350346,5834.134 sec,5844.945 sec,10.811 sec
1149,350346,350966,5844.945 sec,5855.289 sec,10.344 sec
1150,350966,351336,5855.289 sec,5861.461 sec,6.173 sec
1151,351336,351851,5861.461 sec,5870.053 sec,8.592 sec
1152,351851,352291,5870.053 sec,5877.394 sec,7.341 sec
1153,352291,352478,5877.394 sec,5880.514 sec,3.120 sec
1154,352478,354021,5880.514 sec,5906.256 sec,25.742 sec
1155,354021,354863,5906.256 sec,5920.304 sec,14.047 sec
1156,354863,356238,5920.304 sec,5943.243 sec,22.940 sec
1157,356238,356323,5943.243 sec,5944.661 sec,1.418 sec
1158,356323,356368,5944.661 sec,5945.412 sec,0.751 sec
1159,356368,356433,5945.412 sec,5946.496 sec,1.084 sec
1160,356433,356791,5946.496 sec,5952.469 sec,5.973 sec
1161,356791,356933,5952.469 sec,5954.838 sec,2.369 sec
1162,356933,357236,5954.838 sec,5959.893 sec,5.055 sec
1163,357236,357366,5959.893 sec,5962.062 sec,2.169 sec
1164,357366,357508,5962.062 sec,5964.431 sec,2.369 sec
1165,357508,357583,5964.431 sec,5965.682 sec,1.251 sec
1166,357583,358186,5965.682 sec,5975.742 sec,10.060 sec
1167,358186,358296,5975.742 sec,5977.578 sec,1.835 sec
1168,358296,358826,5977.578 sec,5986.420 sec,8.842 sec
1169,358826,358951,5986.420 sec,5988.505 sec,2.085 sec
1170,358951,359126,5988.505 sec,5991.425 sec,2.920 sec
1171,359126,359208,5991.425 sec,5992.793 sec,1.368 sec
1172,359208,359313,5992.793 sec,5994.545 sec,1.752 sec
1173,359313,359406,5994.545 sec,5996.096 sec,1.552 sec
1174,359406,360006,5996.096 sec,6006.106 sec,10.010 sec
1175,360006,360171,6006.106 sec,6008.859 sec,2.753 sec
1176,360171,360678,6008.859 sec,6017.317 sec,8.458 sec
1177,360678,360876,6017.317 sec,6020.621 sec,3.303 sec
1178,360876,361051,6020.621 sec,6023.540 sec,2.920 sec
1179,361051,361246,6023.540 sec,6026.793 sec,3.253 sec
1180,361246,364016,6026.793 sec,6073.006 sec,46.213 sec
1181,364016,364208,6073.006 sec,6076.210 sec,3.203 sec
1182,364208,364431,6076.210 sec,6079.930 sec,3.720 sec
1183,364431,367848,6079.930 sec,6136.937 sec,57.007 sec
1184,367848,368153,6136.937 sec,6142.025 sec,5.088 sec
1185,368153,368258,6142.025 sec,6143.777 sec,1.752 sec
1186,368258,368373,6143.777 sec,6145.696 sec,1.919 sec
1187,368373,369035,6145.696 sec,6156.740 sec,11.044 sec
1188,369035,369125,6156.740 sec,6158.242 sec,1.502 sec
1189,369125,369208,6158.242 sec,6159.626 sec,1.385 sec
1190,369208,369363,6159.626 sec,6162.212 sec,2.586 sec
1191,369363,369663,6162.212 sec,6167.217 sec,5.005 sec
1192,369663,369803,6167.217 sec,6169.553 sec,2.336 sec
1193,369803,370203,6169.553 sec,6176.226 sec,6.673 sec
1194,370203,370453,6176.226 sec,6180.397 sec,4.171 sec
1195,370453,370545,6180.397 sec,6181.932 sec,1.535 sec
1196,370545,370833,6181.932 sec,6186.737 sec,4.805 sec
1197,370833,371965,6186.737 sec,6205.622 sec,18.886 sec
1198,371965,372115,6205.622 sec,6208.125 sec,2.503 sec
1199,372115,372573,6208.125 sec,6215.766 sec,7.641 sec
1200,372573,372713,6215.766 sec,6218.101 sec,2.336 sec
1201,372713,372795,6218.101 sec,6219.469 sec,1.368 sec
1202,372795,372940,6219.469 sec,6221.889 sec,2.419 sec
1203,372940,373028,6221.889 sec,6223.357 sec,1.468 sec
1204,373028,373110,6223.357 sec,6224.725 sec,1.368 sec
1205,373110,373203,6224.725 sec,6226.276 sec,1.552 sec
1206,373203,373460,6226.276 sec,6230.564 sec,4.288 sec
1207,373460,374270,6230.564 sec,6244.077 sec,13.514 sec
1208,374270,374385,6244.077 sec,6245.996 sec,1.919 sec
1209,374385,374848,6245.996 sec,6253.720 sec,7.724 sec
1210,374848,374998,6253.720 sec,6256.223 sec,2.503 sec
1211,374998,375098,6256.223 sec,6257.891 sec,1.668 sec
1212,375098,375265,6257.891 sec,6260.677 sec,2.786 sec
1213,375265,375340,6260.677 sec,6261.929 sec,1.251 sec
1214,375340,375518,6261.929 sec,6264.898 sec,2.970 sec
1215,375518,375548,6264.898 sec,6265.399 sec,0.501 sec
1216,375548,375605,6265.399 sec,6266.350 sec,0.951 sec
1217,375605,375638,6266.350 sec,6266.900 sec,0.551 sec
1218,375638,375723,6266.900 sec,6268.318 sec,1.418 sec
1219,375723,375750,6268.318 sec,6268.769 sec,0.450 sec
1220,375750,375825,6268.769 sec,6270.020 sec,1.251 sec
1221,375825,376075,6270.020 sec,6274.191 sec,4.171 sec
1222,376075,376123,6274.191 sec,6274.992 sec,0.801 sec
1223,376123,376330,6274.992 sec,6278.445 sec,3.453 sec
1224,376330,376473,6278.445 sec,6280.831 sec,2.386 sec
1225,376473,377330,6280.831 sec,6295.128 sec,14.298 sec
1226,377330,377563,6295.128 sec,6299.016 sec,3.887 sec
1227,377563,377908,6299.016 sec,6304.771 sec,5.756 sec
1228,377908,378030,6304.771 sec,6306.807 sec,2.035 sec
1229,378030,378468,6306.807 sec,6314.114 sec,7.307 sec
1230,378468,378498,6314.114 sec,6314.615 sec,0.501 sec
1231,378498,378553,6314.615 sec,6315.532 sec,0.918 sec
1232,378553,378593,6315.532 sec,6316.200 sec,0.667 sec
1233,378593,378648,6316.200 sec,6317.117 sec,0.918 sec
1234,378648,378705,6317.117 sec,6318.068 sec,0.951 sec
1235,378705,378815,6318.068 sec,6319.903 sec,1.835 sec
1236,378815,378895,6319.903 sec,6321.238 sec,1.335 sec
1237,378895,379060,6321.238 sec,6323.991 sec,2.753 sec
1238,379060,379413,6323.991 sec,6329.880 sec,5.889 sec
1239,379413,379793,6329.880 sec,6336.220 sec,6.340 sec
1240,379793,380213,6336.220 sec,6343.227 sec,7.007 sec
1241,380213,382198,6343.227 sec,6376.343 sec,33.116 sec
1242,382198,382358,6376.343 sec,6379.012 sec,2.669 sec
1243,382358,382543,6379.012 sec,6382.099 sec,3.086 sec
1244,382543,382921,6382.099 sec,6388.405 sec,6.306 sec
1245,382921,384909,6388.405 sec,6421.572 sec,33.166 sec
1246,384909,385069,6421.572 sec,6424.241 sec,2.669 sec
1247,385069,385254,6424.241 sec,6427.327 sec,3.086 sec
1248,385254,385336,6427.327 sec,6428.695 sec,1.368 sec
1249,385336,386029,6428.695 sec,6440.257 sec,11.562 sec
1250,386029,386156,6440.257 sec,6442.376 sec,2.119 sec
1251,386156,386516,6442.376 sec,6448.382 sec,6.006 sec
1252,386516,386766,6448.382 sec,6452.553 sec,4.171 sec
1253,386766,386944,6452.553 sec,6455.522 sec,2.970 sec
1254,386944,387184,6455.522 sec,6459.526 sec,4.004 sec
1255,387184,387426,6459.526 sec,6463.564 sec,4.037 sec
1256,387426,387556,6463.564 sec,6465.732 sec,2.169 sec
1257,387556,387794,6465.732 sec,6469.703 sec,3.971 sec
1258,387794,387946,6469.703 sec,6472.239 sec,2.536 sec
1259,387946,388234,6472.239 sec,6477.044 sec,4.805 sec
1260,388234,388456,6477.044 sec,6480.747 sec,3.704 sec
1261,388456,388884,6480.747 sec,6487.888 sec,7.140 sec
1262,388884,388964,6487.888 sec,6489.223 sec,1.335 sec
1263,388964,389234,6489.223 sec,6493.727 sec,4.505 sec
1264,389234,389334,6493.727 sec,6495.395 sec,1.668 sec
1265,389334,389426,6495.395 sec,6496.930 sec,1.535 sec
1266,389426,389471,6496.930 sec,6497.681 sec,0.751 sec
1267,389471,389614,6497.681 sec,6500.067 sec,2.386 sec
1268,389614,390164,6500.067 sec,6509.243 sec,9.176 sec
1269,390164,390301,6509.243 sec,6511.528 sec,2.286 sec
1270,390301,390529,6511.528 sec,6515.332 sec,3.804 sec
1271,390529,391036,6515.332 sec,6523.790 sec,8.458 sec
1272,391036,391259,6523.790 sec,6527.511 sec,3.720 sec
1273,391259,391709,6527.511 sec,6535.018 sec,7.508 sec
1274,391709,391906,6535.018 sec,6538.305 sec,3.287 sec
1275,391906,392009,6538.305 sec,6540.023 sec,1.718 sec
1276,392009,393159,6540.023 sec,6559.209 sec,19.186 sec
1277,393159,393464,6559.209 sec,6564.298 sec,5.088 sec
1278,393464,393709,6564.298 sec,6568.385 sec,4.087 sec
1279,393709,393834,6568.385 sec,6570.470 sec,2.085 sec
1280,393834,394047,6570.470 sec,6574.024 sec,3.554 sec
1281,394047,394102,6574.024 sec,6574.942 sec,0.918 sec
1282,394102,394489,6574.942 sec,6581.398 sec,6.456 sec
1283,394489,394557,6581.398 sec,6582.533 sec,1.134 sec
1284,394557,394802,6582.533 sec,6586.620 sec,4.087 sec
1285,394802,394879,6586.620 sec,6587.905 sec,1.285 sec
1286,394879,395322,6587.905 sec,6595.295 sec,7.391 sec
1287,395322,395529,6595.295 sec,6598.749 sec,3.453 sec
1288,395529,395709,6598.749 sec,6601.752 sec,3.003 sec
1289,395709,395795,6601.752 sec,6603.187 sec,1.435 sec
1290,395795,396190,6603.187 sec,6609.776 sec,6.590 sec
1291,396190,396305,6609.776 sec,6611.695 sec,1.919 sec
1292,396305,396453,6611.695 sec,6614.164 sec,2.469 sec
1293,396453,397248,6614.164 sec,6627.427 sec,13.263 sec
1294,397248,397920,6627.427 sec,6638.639 sec,11.211 sec
1295,397920,398105,6638.639 sec,6641.725 sec,3.086 sec
1296,398105,398210,6641.725 sec,6643.477 sec,1.752 sec
1297,398210,398380,6643.477 sec,6646.313 sec,2.836 sec
1298,398380,398530,6646.313 sec,6648.815 sec,2.503 sec
1299,398530,398903,6648.815 sec,6655.038 sec,6.223 sec
1300,398903,399100,6655.038 sec,6658.325 sec,3.287 sec
1301,399100,399323,6658.325 sec,6662.045 sec,3.720 sec
1302,399323,399493,6662.045 sec,6664.882 sec,2.836 sec
1303,399493,399578,6664.882 sec,6666.300 sec,1.418 sec
1304,399578,399620,6666.300 sec,6667.000 sec,0.701 sec
1305,399620,399695,6667.000 sec,6668.252 sec,1.251 sec
1306,399695,399835,6668.252 sec,6670.587 sec,2.336 sec
1307,399835,400005,6670.587 sec,6673.423 sec,2.836 sec
1308,400005,400450,6673.423 sec,6680.848 sec,7.424 sec
1309,400450,400500,6680.848 sec,6681.682 sec,0.834 sec
1310,400500,400570,6681.682 sec,6682.850 sec,1.168 sec
1311,400570,400628,6682.850 sec,6683.817 sec,0.968 sec
1312,400628,400698,6683.817 sec,6684.985 sec,1.168 sec
1313,400698,400868,6684.985 sec,6687.821 sec,2.836 sec
1314,400868,400918,6687.821 sec,6688.655 sec,0.834 sec
1315,400918,400943,6688.655 sec,6689.072 sec,0.417 sec
1316,400943,401400,6689.072 sec,6696.697 sec,7.624 sec
1317,401400,401540,6696.697 sec,6699.032 sec,2.336 sec
1318,401540,401648,6699.032 sec,6700.834 sec,1.802 sec
1319,401648,401970,6700.834 sec,6706.206 sec,5.372 sec
1320,401970,402135,6706.206 sec,6708.959 sec,2.753 sec
1321,402135,402288,6708.959 sec,6711.512 sec,2.553 sec
1322,402288,402470,6711.512 sec,6714.548 sec,3.036 sec
1323,402470,402538,6714.548 sec,6715.682 sec,1.134 sec
1324,402538,402625,6715.682 sec,6717.134 sec,1.451 sec
1325,402625,402828,6717.134 sec,6720.521 sec,3.387 sec
1326,402828,402958,6720.521 sec,6722.689 sec,2.169 sec
1327,402958,403953,6722.689 sec,6739.289 sec,16.600 sec
1328,403953,404123,6739.289 sec,6742.125 sec,2.836 sec
1329,404123,404426,6742.125 sec,6747.181 sec,5.055 sec
1330,404426,405285,6747.181 sec,6761.512 sec,14.331 sec
1331,405285,405530,6761.512 sec,6765.599 sec,4.087 sec
1332,405530,405867,6765.599 sec,6771.221 sec,5.622 sec
1333,405867,405987,6771.221 sec,6773.223 sec,2.002 sec
1334,405987,406087,6773.223 sec,6774.892 sec,1.668 sec
1335,406087,406270,6774.892 sec,6777.945 sec,3.053 sec
1336,406270,406415,6777.945 sec,6780.364 sec,2.419 sec
1337,406415,406562,6780.364 sec,6782.816 sec,2.452 sec
1338,406562,406852,6782.816 sec,6787.654 sec,4.838 sec
1339,406852,406987,6787.654 sec,6789.907 sec,2.252 sec
1340,406987,407105,6789.907 sec,6791.875 sec,1.969 sec
1341,407105,407205,6791.875 sec,6793.544 sec,1.668 sec
1342,407205,407272,6793.544 sec,6794.661 sec,1.118 sec
1343,407272,407325,6794.661 sec,6795.546 sec,0.884 sec
1344,407325,407485,6795.546 sec,6798.215 sec,2.669 sec
1345,407485,407602,6798.215 sec,6800.167 sec,1.952 sec
1346,407602,407765,6800.167 sec,6802.886 sec,2.719 sec
1347,407765,407902,6802.886 sec,6805.172 sec,2.286 sec
1348,407902,408092,6805.172 sec,6808.342 sec,3.170 sec
1349,408092,408250,6808.342 sec,6810.978 sec,2.636 sec
1350,408250,408385,6810.978 sec,6813.230 sec,2.252 sec
1351,408385,408507,6813.230 sec,6815.265 sec,2.035 sec
1352,408507,408590,6815.265 sec,6816.650 sec,1.385 sec
1353,408590,408835,6816.650 sec,6820.737 sec,4.087 sec
1354,408835,408937,6820.737 sec,6822.439 sec,1.702 sec
1355,408937,409157,6822.439 sec,6826.109 sec,3.670 sec
1356,409157,409220,6826.109 sec,6827.160 sec,1.051 sec
1357,409220,409325,6827.160 sec,6828.912 sec,1.752 sec
1358,409325,409382,6828.912 sec,6829.863 sec,0.951 sec
1359,409382,409567,6829.863 sec,6832.950 sec,3.086 sec
1360,409567,409637,6832.950 sec,6834.117 sec,1.168 sec
1361,409637,409720,6834.117 sec,6835.502 sec,1.385 sec
1362,409720,409797,6835.502 sec,6836.787 sec,1.285 sec
1363,409797,409835,6836.787 sec,6837.421 sec,0.634 sec
1364,409835,409942,6837.421 sec,6839.206 sec,1.785 sec
1365,409942,410015,6839.206 sec,6840.424 sec,1.218 sec
1366,410015,410052,6840.424 sec,6841.041 sec,0.617 sec
1367,410052,410087,6841.041 sec,6841.625 sec,0.584 sec
1368,410087,410122,6841.625 sec,6842.209 sec,0.584 sec
1369,410122,410162,6842.209 sec,6842.876 sec,0.667 sec
1370,410162,410205,6842.876 sec,6843.594 sec,0.717 sec
1371,410205,410237,6843.594 sec,6844.127 sec,0.534 sec
1372,410237,410275,6844.127 sec,6844.761 sec,0.634 sec
1373,410275,410457,6844.761 sec,6847.798 sec,3.036 sec
1374,410457,410840,6847.798 sec,6854.188 sec,6.390 sec
1375,410840,410942,6854.188 sec,6855.889 sec,1.702 sec
1376,410942,411127,6855.889 sec,6858.976 sec,3.086 sec
1377,411127,411230,6858.976 sec,6860.694 sec,1.718 sec
1378,411230,411672,6860.694 sec,6868.068 sec,7.374 sec
1379,411672,411882,6868.068 sec,6871.572 sec,3.504 sec
1380,411882,412112,6871.572 sec,6875.409 sec,3.837 sec
1381,412112,412252,6875.409 sec,6877.744 sec,2.336 sec
1382,412252,412392,6877.744 sec,6880.080 sec,2.336 sec
1383,412392,412495,6880.080 sec,6881.798 sec,1.718 sec
1384,412495,412675,6881.798 sec,6884.801 sec,3.003 sec
1385,412675,412867,6884.801 sec,6888.005 sec,3.203 sec
1386,412867,412937,6888.005 sec,6889.173 sec,1.168 sec
1387,412937,413090,6889.173 sec,6891.725 sec,2.553 sec
1388,413090,413292,6891.725 sec,6895.095 sec,3.370 sec
1389,413292,413567,6895.095 sec,6899.683 sec,4.588 sec
1390,413567,413705,6899.683 sec,6901.985 sec,2.302 sec
1391,413705,413842,6901.985 sec,6904.271 sec,2.286 sec
1392,413842,414017,6904.271 sec,6907.191 sec,2.920 sec
1393,414017,414122,6907.191 sec,6908.942 sec,1.752 sec
1394,414122,414247,6908.942 sec,6911.028 sec,2.085 sec
1395,414247,414450,6911.028 sec,6914.414 sec,3.387 sec
1396,414450,414670,6914.414 sec,6918.085 sec,3.670 sec
1397,414670,414767,6918.085 sec,6919.703 sec,1.618 sec
1398,414767,414977,6919.703 sec,6923.207 sec,3.504 sec
1399,414977,415125,6923.207 sec,6925.676 sec,2.469 sec
1400,415125,415222,6925.676 sec,6927.294 sec,1.618 sec
1401,415222,415367,6927.294 sec,6929.713 sec,2.419 sec
1402,415367,415482,6929.713 sec,6931.632 sec,1.919 sec
1403,415482,415500,6931.632 sec,6931.932 sec,0.300 sec
1404,415500,415560,6931.932 sec,6932.933 sec,1.001 sec
1405,415560,415672,6932.933 sec,6934.801 sec,1.869 sec
1406,415672,415752,6934.801 sec,6936.136 sec,1.335 sec
1407,415752,415832,6936.136 sec,6937.471 sec,1.335 sec
1408,415832,415897,6937.471 sec,6938.555 sec,1.084 sec
1409,415897,415975,6938.555 sec,6939.857 sec,1.301 sec
1410,415975,416505,6939.857 sec,6948.699 sec,8.842 sec
1411,416505,416655,6948.699 sec,6951.201 sec,2.503 sec
1412,416655,416840,6951.201 sec,6954.288 sec,3.086 sec
1413,416840,417273,6954.288 sec,6961.512 sec,7.224 sec
1414,417273,417470,6961.512 sec,6964.798 sec,3.287 sec
1415,417470,417608,6964.798 sec,6967.100 sec,2.302 sec
1416,417608,417690,6967.100 sec,6968.468 sec,1.368 sec
1417,417690,417898,6968.468 sec,6971.939 sec,3.470 sec
1418,417898,418165,6971.939 sec,6976.393 sec,4.454 sec
1419,418165,418293,6976.393 sec,6978.529 sec,2.135 sec
1420,418293,418658,6978.529 sec,6984.618 sec,6.089 sec
1421,418658,418965,6984.618 sec,6989.740 sec,5.122 sec
1422,418965,419420,6989.740 sec,6997.331 sec,7.591 sec
1423,419420,419563,6997.331 sec,6999.716 sec,2.386 sec
1424,419563,419653,6999.716 sec,7001.218 sec,1.502 sec
1425,419653,419728,7001.218 sec,7002.469 sec,1.251 sec
1426,419728,419803,7002.469 sec,7003.720 sec,1.251 sec
1427,419803,419948,7003.720 sec,7006.139 sec,2.419 sec
1428,419948,420070,7006.139 sec,7008.175 sec,2.035 sec
1429,420070,420493,7008.175 sec,7015.232 sec,7.057 sec
1430,420493,420590,7015.232 sec,7016.850 sec,1.618 sec
1431,420590,420778,7016.850 sec,7019.987 sec,3.136 sec
1432,420778,420863,7019.987 sec,7021.405 sec,1.418 sec
1433,420863,420930,7021.405 sec,7022.523 sec,1.118 sec
1434,420930,420993,7022.523 sec,7023.574 sec,1.051 sec
1435,420993,421038,7023.574 sec,7024.324 sec,0.751 sec
1436,421038,421125,7024.324 sec,7025.776 sec,1.451 sec
1437,421125,421188,7025.776 sec,7026.827 sec,1.051 sec
1438,421188,421398,7026.827 sec,7030.330 sec,3.504 sec
1439,421398,421515,7030.330 sec,7032.282 sec,1.952 sec
1440,421515,421728,7032.282 sec,7035.836 sec,3.554 sec
1441,421728,421878,7035.836 sec,7038.338 sec,2.503 sec
1442,421878,422075,7038.338 sec,7041.625 sec,3.287 sec
1443,422075,422220,7041.625 sec,7044.044 sec,2.419 sec
1444,422220,422278,7044.044 sec,7045.012 sec,0.968 sec
1445,422278,422495,7045.012 sec,7048.632 sec,3.620 sec
1446,422495,422668,7048.632 sec,7051.518 sec,2.886 sec
1447,422668,422838,7051.518 sec,7054.354 sec,2.836 sec
1448,422838,422955,7054.354 sec,7056.306 sec,1.952 sec
1449,422955,423118,7056.306 sec,7059.026 sec,2.719 sec
1450,423118,423195,7059.026 sec,7060.310 sec,1.285 sec
1451,423195,423470,7060.310 sec,7064.898 sec,4.588 sec
1452,423470,423938,7064.898 sec,7072.706 sec,7.808 sec
1453,423938,424398,7072.706 sec,7080.380 sec,7.674 sec
1454,424398,424530,7080.380 sec,7082.583 sec,2.202 sec
1455,424530,424658,7082.583 sec,7084.718 sec,2.135 sec
1456,424658,424823,7084.718 sec,7087.471 sec,2.753 sec
1457,424823,425675,7087.471 sec,7101.685 sec,14.214 sec
1458,425675,426325,7101.685 sec,7112.529 sec,10.844 sec
1459,426325,426688,7112.529 sec,7118.585 sec,6.056 sec
1460,426688,426865,7118.585 sec,7121.538 sec,2.953 sec
1461,426865,427108,7121.538 sec,7125.592 sec,4.054 sec
1462,427108,427588,7125.592 sec,7133.600 sec,8.008 sec
1463,427588,427800,7133.600 sec,7137.137 sec,3.537 sec
1464,427800,428223,7137.137 sec,7144.194 sec,7.057 sec
1465,428223,428408,7144.194 sec,7147.281 sec,3.086 sec
1466,428408,428668,7147.281 sec,7151.618 sec,4.338 sec
1467,428668,428855,7151.618 sec,7154.738 sec,3.120 sec
1468,428855,428975,7154.738 sec,7156.740 sec,2.002 sec
1469,428975,429288,7156.740 sec,7161.962 sec,5.222 sec
1470,429288,429338,7161.962 sec,7162.796 sec,0.834 sec
1471,429338,429388,7162.796 sec,7163.630 sec,0.834 sec
1472,429388,429433,7163.630 sec,7164.381 sec,0.751 sec
1473,429433,429473,7164.381 sec,7165.048 sec,0.667 sec
1474,429473,429510,7165.048 sec,7165.666 sec,0.617 sec
1475,429510,429525,7165.666 sec,7165.916 sec,0.250 sec
1476,429525,429625,7165.916 sec,7167.584 sec,1.668 sec
1477,429625,429775,7167.584 sec,7170.087 sec,2.503 sec
1478,429775,430233,7170.087 sec,7177.728 sec,7.641 sec
1479,430233,430340,7177.728 sec,7179.513 sec,1.785 sec
1480,430340,430455,7179.513 sec,7181.431 sec,1.919 sec
1481,430455,430563,7181.431 sec,7183.233 sec,1.802 sec
1482,430563,430738,7183.233 sec,7186.153 sec,2.920 sec
1483,430738,430860,7186.153 sec,7188.188 sec,2.035 sec
1484,430860,430955,7188.188 sec,7189.773 sec,1.585 sec
1485,430955,431328,7189.773 sec,7195.996 sec,6.223 sec
1486,431328,431643,7195.996 sec,7201.251 sec,5.255 sec
1487,431643,432673,7201.251 sec,7218.435 sec,17.184 sec
1488,432673,433828,7218.435 sec,7237.704 sec,19.269 sec
1489,433828,434053,7237.704 sec,7241.458 sec,3.754 sec
1490,434053,434151,7241.458 sec,7243.093 sec,1.635 sec
1491,434151,434258,7243.093 sec,7244.878 sec,1.785 sec
1492,434258,434498,7244.878 sec,7248.882 sec,4.004 sec
1493,434498,434601,7248.882 sec,7250.601 sec,1.718 sec
1494,434601,434681,7250.601 sec,7251.935 sec,1.335 sec
1495,434681,434873,7251.935 sec,7255.138 sec,3.203 sec
1496,434873,435563,7255.138 sec,7266.650 sec,11.512 sec
1497,435563,435876,7266.650 sec,7271.872 sec,5.222 sec
1498,435876,436001,7271.872 sec,7273.957 sec,2.085 sec
1499,436001,436083,7273.957 sec,7275.325 sec,1.368 sec
1500,436083,436203,7275.325 sec,7277.327 sec,2.002 sec
1501,436203,436313,7277.327 sec,7279.162 sec,1.835 sec
1502,436313,436428,7279.162 sec,7281.081 sec,1.919 sec
1503,436428,436518,7281.081 sec,7282.583 sec,1.502 sec
1504,436518,436621,7282.583 sec,7284.301 sec,1.718 sec
1505,436621,437123,7284.301 sec,7292.676 sec,8.375 sec
1506,437123,437198,7292.676 sec,7293.927 sec,1.251 sec
1507,437198,437671,7293.927 sec,7301.818 sec,7.891 sec
1508,437671,437883,7301.818 sec,7305.355 sec,3.537 sec
1509,437883,438008,7305.355 sec,7307.441 sec,2.085 sec
1510,438008,438203,7307.441 sec,7310.694 sec,3.253 sec
1511,438203,438393,7310.694 sec,7313.864 sec,3.170 sec
1512,438393,438551,7313.864 sec,7316.500 sec,2.636 sec
1513,438551,438698,7316.500 sec,7318.952 sec,2.452 sec
1514,438698,438828,7318.952 sec,7321.121 sec,2.169 sec
1515,438828,439121,7321.121 sec,7326.009 sec,4.888 sec
1516,439121,439231,7326.009 sec,7327.845 sec,1.835 sec
1517,439231,439348,7327.845 sec,7329.796 sec,1.952 sec
1518,439348,439463,7329.796 sec,7331.715 sec,1.919 sec
1519,439463,439593,7331.715 sec,7333.884 sec,2.169 sec
1520,439593,439721,7333.884 sec,7336.019 sec,2.135 sec
1521,439721,439941,7336.019 sec,7339.690 sec,3.670 sec
1522,439941,440056,7339.690 sec,7341.608 sec,1.919 sec
1523,440056,440203,7341.608 sec,7344.061 sec,2.452 sec
1524,440203,440546,7344.061 sec,7349.783 sec,5.722 sec
1525,440546,440948,7349.783 sec,7356.490 sec,6.707 sec
1526,440948,441096,7356.490 sec,7358.959 sec,2.469 sec
1527,441096,441243,7358.959 sec,7361.411 sec,2.452 sec
1528,441243,441408,7361.411 sec,7364.164 sec,2.753 sec
1529,441408,441563,7364.164 sec,7366.750 sec,2.586 sec
1530,441563,441656,7366.750 sec,7368.302 sec,1.552 sec
1531,441656,441753,7368.302 sec,7369.920 sec,1.618 sec
1532,441753,441856,7369.920 sec,7371.638 sec,1.718 sec
1533,441856,441946,7371.638 sec,7373.140 sec,1.502 sec
1534,441946,442113,7373.140 sec,7375.926 sec,2.786 sec
1535,442113,442383,7375.926 sec,7380.430 sec,4.505 sec
1536,442383,442481,7380.430 sec,7382.065 sec,1.635 sec
1537,442481,442681,7382.065 sec,7385.402 sec,3.337 sec
1538,442681,442826,7385.402 sec,7387.821 sec,2.419 sec
1539,442826,442961,7387.821 sec,7390.073 sec,2.252 sec
1540,442961,443433,7390.073 sec,7397.948 sec,7.875 sec
1541,443433,443651,7397.948 sec,7401.585 sec,3.637 sec
1542,443651,443898,7401.585 sec,7405.706 sec,4.121 sec
1543,443898,443998,7405.706 sec,7407.374 sec,1.668 sec
1544,443998,444086,7407.374 sec,7408.842 sec,1.468 sec
1545,444086,444301,7408.842 sec,7412.429 sec,3.587 sec
1546,444301,444468,7412.429 sec,7415.215 sec,2.786 sec
1547,444468,444551,7415.215 sec,7416.600 sec,1.385 sec
1548,444551,445746,7416.600 sec,7436.537 sec,19.937 sec
1549,445746,445906,7436.537 sec,7439.206 sec,2.669 sec
1550,445906,446258,7439.206 sec,7445.078 sec,5.873 sec
1551,446258,446348,7445.078 sec,7446.580 sec,1.502 sec
1552,446348,446383,7446.580 sec,7447.164 sec,0.584 sec
1553,446383,446438,7447.164 sec,7448.081 sec,0.918 sec
1554,446438,448277,7448.081 sec,7478.762 sec,30.681 sec
1555,448277,448482,7478.762 sec,7482.182 sec,3.420 sec
1556,448482,449757,7482.182 sec,7503.453 sec,21.271 sec
1557,449757,450389,7503.453 sec,7513.997 sec,10.544 sec
1558,450389,450699,7513.997 sec,7519.169 sec,5.172 sec
1559,450699,450942,7519.169 sec,7523.223 sec,4.054 sec
1560,450942,451074,7523.223 sec,7525.425 sec,2.202 sec
1561,451074,451239,7525.425 sec,7528.178 sec,2.753 sec
1562,451239,452142,7528.178 sec,7543.243 sec,15.065 sec
1563,452142,452469,7543.243 sec,7548.699 sec,5.455 sec
1564,452469,452754,7548.699 sec,7553.453 sec,4.755 sec
1565,452754,452989,7553.453 sec,7557.374 sec,3.921 sec
1566,452989,453122,7557.374 sec,7559.593 sec,2.219 sec
1567,453122,453339,7559.593 sec,7563.213 sec,3.620 sec
1568,453339,453484,7563.213 sec,7565.632 sec,2.419 sec
1569,453484,453774,7565.632 sec,7570.470 sec,4.838 sec
1570,453774,453894,7570.470 sec,7572.472 sec,2.002 sec
1571,453894,454669,7572.472 sec,7585.402 sec,12.930 sec
1572,454669,454862,7585.402 sec,7588.622 sec,3.220 sec
1573,454862,455287,7588.622 sec,7595.712 sec,7.090 sec
1574,455287,455834,7595.712 sec,7604.838 sec,9.126 sec
1575,455834,455917,7604.838 sec,7606.223 sec,1.385 sec
1576,455917,456082,7606.223 sec,7608.976 sec,2.753 sec
1577,456082,456287,7608.976 sec,7612.396 sec,3.420 sec
1578,456287,456404,7612.396 sec,7614.348 sec,1.952 sec
1579,456404,457122,7614.348 sec,7626.326 sec,11.979 sec
1580,457122,457382,7626.326 sec,7630.664 sec,4.338 sec
1581,457382,457864,7630.664 sec,7638.705 sec,8.041 sec
1582,457864,458399,7638.705 sec,7647.631 sec,8.926 sec
1583,458399,458672,7647.631 sec,7652.186 sec,4.555 sec
1584,458672,458856,7652.186 sec,7655.255 sec,3.070 sec
1585,458856,458929,7655.255 sec,7656.473 sec,1.218 sec
1586,458929,458992,7656.473 sec,7657.524 sec,1.051 sec
1587,458992,459337,7657.524 sec,7663.280 sec,5.756 sec
1588,459337,459494,7663.280 sec,7665.899 sec,2.619 sec
1589,459494,459767,7665.899 sec,7670.454 sec,4.555 sec
1590,459767,460080,7670.454 sec,7675.676 sec,5.222 sec
1591,460080,460462,7675.676 sec,7682.049 sec,6.373 sec
1592,460462,461477,7682.049 sec,7698.982 sec,16.934 sec
1593,461477,461821,7698.982 sec,7704.721 sec,5.739 sec
1594,461821,462251,7704.721 sec,7711.895 sec,7.174 sec
1595,462251,462713,7711.895 sec,7719.603 sec,7.708 sec
1596,462713,462856,7719.603 sec,7721.989 sec,2.386 sec
1597,462856,462943,7721.989 sec,7723.440 sec,1.451 sec
1598,462943,463496,7723.440 sec,7732.666 sec,9.226 sec
1599,463496,465626,7732.666 sec,7768.202 sec,35.536 sec
1600,465626,467783,7768.202 sec,7804.188 sec,35.986 sec
1601,467783,468523,7804.188 sec,7816.533 sec,12.346 sec
1602,468523,468691,7816.533 sec,7819.336 sec,2.803 sec
1603,468691,469026,7819.336 sec,7824.925 sec,5.589 sec
1604,469026,469193,7824.925 sec,7827.711 sec,2.786 sec
1605,469193,469531,7827.711 sec,7833.350 sec,5.639 sec
1606,469531,469823,7833.350 sec,7838.222 sec,4.872 sec
1607,469823,470063,7838.222 sec,7842.226 sec,4.004 sec
1608,470063,471034,7842.226 sec,7858.425 sec,16.200 sec
1609,471034,471341,7858.425 sec,7863.547 sec,5.122 sec
1610,471341,471406,7863.547 sec,7864.631 sec,1.084 sec
1611,471406,471529,7864.631 sec,7866.683 sec,2.052 sec
1612,471529,471771,7866.683 sec,7870.721 sec,4.037 sec
1613,471771,471881,7870.721 sec,7872.556 sec,1.835 sec
1614,471881,472079,7872.556 sec,7875.859 sec,3.303 sec
1615,472079,472166,7875.859 sec,7877.311 sec,1.451 sec
1616,472166,472339,7877.311 sec,7880.197 sec,2.886 sec
1617,472339,472416,7880.197 sec,7881.481 sec,1.285 sec
1618,472416,472646,7881.481 sec,7885.319 sec,3.837 sec
1619,472646,472814,7885.319 sec,7888.121 sec,2.803 sec
1620,472814,473321,7888.121 sec,7896.580 sec,8.458 sec
1621,473321,473456,7896.580 sec,7898.832 sec,2.252 sec
1622,473456,473721,7898.832 sec,7903.253 sec,4.421 sec
1623,473721,473846,7903.253 sec,7905.339 sec,2.085 sec
1624,473846,473979,7905.339 sec,7907.558 sec,2.219 sec
1625,473979,474129,7907.558 sec,7910.060 sec,2.503 sec
1626,474129,474244,7910.060 sec,7911.979 sec,1.919 sec
1627,474244,474589,7911.979 sec,7917.734 sec,5.756 sec
1628,474589,474714,7917.734 sec,7919.820 sec,2.085 sec
1629,474714,474779,7919.820 sec,7920.904 sec,1.084 sec
1630,474779,474874,7920.904 sec,7922.489 sec,1.585 sec
1631,474874,474909,7922.489 sec,7923.073 sec,0.584 sec
1632,474909,474941,7923.073 sec,7923.607 sec,0.534 sec
1633,474941,474971,7923.607 sec,7924.107 sec,0.501 sec
1634,474971,475016,7924.107 sec,7924.858 sec,0.751 sec
1635,475016,475039,7924.858 sec,7925.242 sec,0.384 sec
1636,475039,475069,7925.242 sec,7925.742 sec,0.501 sec
1637,475069,475099,7925.742 sec,7926.243 sec,0.501 sec
1638,475099,475181,7926.243 sec,7927.611 sec,1.368 sec
1639,475181,475204,7927.611 sec,7927.995 sec,0.384 sec
1640,475204,475229,7927.995 sec,7928.412 sec,0.417 sec
1641,475229,475259,7928.412 sec,7928.912 sec,0.501 sec
1642,475259,475279,7928.912 sec,7929.246 sec,0.334 sec
1643,475279,475334,7929.246 sec,7930.163 sec,0.918 sec
1644,475334,475356,7930.163 sec,7930.531 sec,0.367 sec
1645,475356,475419,7930.531 sec,7931.582 sec,1.051 sec
1646,475419,475476,7931.582 sec,7932.533 sec,0.951 sec
1647,475476,475509,7932.533 sec,7933.083 sec,0.551 sec
1648,475509,475606,7933.083 sec,7934.701 sec,1.618 sec
1649,475606,475736,7934.701 sec,7936.870 sec,2.169 sec
1650,475736,475766,7936.870 sec,7937.371 sec,0.501 sec
1651,475766,475844,7937.371 sec,7938.672 sec,1.301 sec
1652,475844,475876,7938.672 sec,7939.206 sec,0.534 sec
1653,475876,475989,7939.206 sec,7941.091 sec,1.885 sec
1654,475989,476024,7941.091 sec,7941.675 sec,0.584 sec
1655,476024,476059,7941.675 sec,7942.259 sec,0.584 sec
1656,476059,476129,7942.259 sec,7943.427 sec,1.168 sec
1657,476129,476196,7943.427 sec,7944.545 sec,1.118 sec
1658,476196,476321,7944.545 sec,7946.630 sec,2.085 sec
1659,476321,476401,7946.630 sec,7947.965 sec,1.335 sec
1660,476401,476484,7947.965 sec,7949.349 sec,1.385 sec
1661,476484,476589,7949.349 sec,7951.101 sec,1.752 sec
1662,476589,476684,7951.101 sec,7952.686 sec,1.585 sec
1663,476684,476814,7952.686 sec,7954.855 sec,2.169 sec
1664,476814,476904,7954.855 sec,7956.356 sec,1.502 sec
1665,476904,477042,7956.356 sec,7958.659 sec,2.302 sec
1666,477042,477132,7958.659 sec,7960.160 sec,1.502 sec
1667,477132,477207,7960.160 sec,7961.411 sec,1.251 sec
1668,477207,477439,7961.411 sec,7965.282 sec,3.871 sec
1669,477439,477669,7965.282 sec,7969.119 sec,3.837 sec
1670,477669,477734,7969.119 sec,7970.204 sec,1.084 sec
1671,477734,477769,7970.204 sec,7970.787 sec,0.584 sec
1672,477769,477794,7970.787 sec,7971.205 sec,0.417 sec
1673,477794,477817,7971.205 sec,7971.588 sec,0.384 sec
1674,477817,477872,7971.588 sec,7972.506 sec,0.918 sec
1675,477872,477924,7972.506 sec,7973.373 sec,0.868 sec
1676,477924,477952,7973.373 sec,7973.841 sec,0.467 sec
1677,477952,477984,7973.841 sec,7974.374 sec,0.534 sec
1678,477984,478024,7974.374 sec,7975.042 sec,0.667 sec
1679,478024,478062,7975.042 sec,7975.676 sec,0.634 sec
1680,478062,478104,7975.676 sec,7976.376 sec,0.701 sec
1681,478104,478164,7976.376 sec,7977.377 sec,1.001 sec
1682,478164,478334,7977.377 sec,7980.214 sec,2.836 sec
1683,478334,478409,7980.214 sec,7981.465 sec,1.251 sec
1684,478409,478432,7981.465 sec,7981.849 sec,0.384 sec
1685,478432,478512,7981.849 sec,7983.183 sec,1.335 sec
1686,478512,478552,7983.183 sec,7983.851 sec,0.667 sec
1687,478552,478579,7983.851 sec,7984.301 sec,0.450 sec
1688,478579,478637,7984.301 sec,7985.269 sec,0.968 sec
1689,478637,478724,7985.269 sec,7986.720 sec,1.451 sec
1690,478724,478824,7986.720 sec,7988.388 sec,1.668 sec
1691,478824,478869,7988.388 sec,7989.139 sec,0.751 sec
1692,478869,479107,7989.139 sec,7993.110 sec,3.971 sec
1693,479107,479297,7993.110 sec,7996.280 sec,3.170 sec
1694,479297,479317,7996.280 sec,7996.613 sec,0.334 sec
1695,479317,479354,7996.613 sec,7997.231 sec,0.617 sec
1696,479354,479419,7997.231 sec,7998.315 sec,1.084 sec
1697,479419,479554,7998.315 sec,8000.567 sec,2.252 sec
1698,479554,479659,8000.567 sec,8002.319 sec,1.752 sec
1699,479659,479762,8002.319 sec,8004.037 sec,1.718 sec
1700,479762,479814,8004.037 sec,8004.905 sec,0.868 sec
1701,479814,479897,8004.905 sec,8006.290 sec,1.385 sec
1702,479897,479944,8006.290 sec,8007.074 sec,0.784 sec
1703,479944,479982,8007.074 sec,8007.708 sec,0.634 sec
1704,479982,480049,8007.708 sec,8008.825 sec,1.118 sec
1705,480049,480187,8008.825 sec,8011.128 sec,2.302 sec
1706,480187,480227,8011.128 sec,8011.795 sec,0.667 sec
1707,480227,480367,8011.795 sec,8014.131 sec,2.336 sec
1708,480367,480429,8014.131 sec,8015.165 sec,1.034 sec
1709,480429,480469,8015.165 sec,8015.832 sec,0.667 sec
1710,480469,480514,8015.832 sec,8016.583 sec,0.751 sec
1711,480514,480554,8016.583 sec,8017.251 sec,0.667 sec
1712,480554,480607,8017.251 sec,8018.135 sec,0.884 sec
1713,480607,480634,8018.135 sec,8018.585 sec,0.450 sec
1714,480634,480762,8018.585 sec,8020.721 sec,2.135 sec
1715,480762,480819,8020.721 sec,8021.672 sec,0.951 sec
1716,480819,480869,8021.672 sec,8022.506 sec,0.834 sec
1717,480869,480967,8022.506 sec,8024.141 sec,1.635 sec
1718,480967,480994,8024.141 sec,8024.591 sec,0.450 sec
1719,480994,481047,8024.591 sec,8025.475 sec,0.884 sec
1720,481047,481272,8025.475 sec,8029.229 sec,3.754 sec
1721,481272,481374,8029.229 sec,8030.931 sec,1.702 sec
1722,481374,481407,8030.931 sec,8031.481 sec,0.551 sec
1723,481407,481437,8031.481 sec,8031.982 sec,0.501 sec
1724,481437,481559,8031.982 sec,8034.017 sec,2.035 sec
1725,481559,481579,8034.017 sec,8034.351 sec,0.334 sec
1726,481579,481619,8034.351 sec,8035.018 sec,0.667 sec
1727,481619,482167,8035.018 sec,8044.161 sec,9.142 sec
1728,482167,482382,8044.161 sec,8047.748 sec,3.587 sec
1729,482382,482549,8047.748 sec,8050.534 sec,2.786 sec
1730,482549,482702,8050.534 sec,8053.086 sec,2.553 sec
1731,482702,482867,8053.086 sec,8055.839 sec,2.753 sec
1732,482867,482897,8055.839 sec,8056.340 sec,0.501 sec
1733,482897,482939,8056.340 sec,8057.040 sec,0.701 sec
1734,482939,483004,8057.040 sec,8058.125 sec,1.084 sec
1735,483004,483024,8058.125 sec,8058.458 sec,0.334 sec
1736,483024,483067,8058.458 sec,8059.176 sec,0.717 sec
1737,483067,483097,8059.176 sec,8059.676 sec,0.501 sec
1738,483097,483129,8059.676 sec,8060.210 sec,0.534 sec
1739,483129,483209,8060.210 sec,8061.545 sec,1.335 sec
1740,483209,483234,8061.545 sec,8061.962 sec,0.417 sec
1741,483234,483264,8061.962 sec,8062.462 sec,0.501 sec
1742,483264,483287,8062.462 sec,8062.846 sec,0.384 sec
1743,483287,483347,8062.846 sec,8063.847 sec,1.001 sec
1744,483347,483594,8063.847 sec,8067.968 sec,4.121 sec
1745,483594,483632,8067.968 sec,8068.602 sec,0.634 sec
1746,483632,483652,8068.602 sec,8068.936 sec,0.334 sec
1747,483652,483677,8068.936 sec,8069.353 sec,0.417 sec
1748,483677,483704,8069.353 sec,8069.803 sec,0.450 sec
1749,483704,483732,8069.803 sec,8070.270 sec,0.467 sec
1750,483732,483762,8070.270 sec,8070.771 sec,0.501 sec
1751,483762,483787,8070.771 sec,8071.188 sec,0.417 sec
1752,483787,483814,8071.188 sec,8071.638 sec,0.450 sec
1753,483814,483959,8071.638 sec,8074.057 sec,2.419 sec
1754,483959,484662,8074.057 sec,8085.786 sec,11.728 sec
1755,484662,484699,8085.786 sec,8086.403 sec,0.617 sec
1756,484699,484730,8086.403 sec,8086.920 sec,0.517 sec
1757,484730,484774,8086.920 sec,8087.654 sec,0.734 sec
1758,484774,484859,8087.654 sec,8089.072 sec,1.418 sec
1759,484859,484894,8089.072 sec,8089.656 sec,0.584 sec
1760,484894,485092,8089.656 sec,8092.960 sec,3.303 sec
1761,485092,485319,8092.960 sec,8096.747 sec,3.787 sec
1762,485319,485357,8096.747 sec,8097.381 sec,0.634 sec
1763,485357,485474,8097.381 sec,8099.333 sec,1.952 sec
1764,485474,485512,8099.333 sec,8099.967 sec,0.634 sec
1765,485512,485559,8099.967 sec,8100.751 sec,0.784 sec
1766,485559,485631,8100.751 sec,8101.952 sec,1.201 sec
1767,485631,485820,8101.952 sec,8105.105 sec,3.153 sec
1768,485820,485980,8105.105 sec,8107.774 sec,2.669 sec
1769,485980,486045,8107.774 sec,8108.859 sec,1.084 sec
1770,486045,486150,8108.859 sec,8110.611 sec,1.752 sec
1771,486150,486238,8110.611 sec,8112.079 sec,1.468 sec
1772,486238,486543,8112.079 sec,8117.167 sec,5.088 sec
1773,486543,486590,8117.167 sec,8117.951 sec,0.784 sec
1774,486590,486748,8117.951 sec,8120.587 sec,2.636 sec
1775,486748,487325,8120.587 sec,8130.214 sec,9.626 sec
1776,487325,487348,8130.214 sec,8130.597 sec,0.384 sec
1777,487348,487375,8130.597 sec,8131.048 sec,0.450 sec
1778,487375,487428,8131.048 sec,8131.932 sec,0.884 sec
1779,487428,487705,8131.932 sec,8136.553 sec,4.621 sec
1780,487705,487798,8136.553 sec,8138.105 sec,1.552 sec
1781,487798,487893,8138.105 sec,8139.690 sec,1.585 sec
1782,487893,487943,8139.690 sec,8140.524 sec,0.834 sec
1783,487943,488123,8140.524 sec,8143.527 sec,3.003 sec
1784,488123,488175,8143.527 sec,8144.394 sec,0.868 sec
1785,488175,488205,8144.394 sec,8144.895 sec,0.501 sec
1786,488205,488315,8144.895 sec,8146.730 sec,1.835 sec
1787,488315,488475,8146.730 sec,8149.399 sec,2.669 sec
1788,488475,488543,8149.399 sec,8150.534 sec,1.134 sec
1789,488543,488668,8150.534 sec,8152.619 sec,2.085 sec
1790,488668,488770,8152.619 sec,8154.321 sec,1.702 sec
1791,488770,488790,8154.321 sec,8154.655 sec,0.334 sec
1792,488790,488815,8154.655 sec,8155.072 sec,0.417 sec
1793,488815,488968,8155.072 sec,8157.624 sec,2.553 sec
1794,488968,489023,8157.624 sec,8158.542 sec,0.918 sec
1795,489023,489215,8158.542 sec,8161.745 sec,3.203 sec
1796,489215,489243,8161.745 sec,8162.212 sec,0.467 sec
1797,489243,489273,8162.212 sec,8162.713 sec,0.501 sec
1798,489273,489390,8162.713 sec,8164.665 sec,1.952 sec
1799,489390,489420,8164.665 sec,8165.165 sec,0.501 sec
1800,489420,489613,8165.165 sec,8168.385 sec,3.220 sec
1801,489613,489643,8168.385 sec,8168.886 sec,0.501 sec
1802,489643,489815,8168.886 sec,8171.755 sec,2.870 sec
1803,489815,489835,8171.755 sec,8172.089 sec,0.334 sec
1804,489835,489975,8172.089 sec,8174.424 sec,2.336 sec
1805,489975,490048,8174.424 sec,8175.642 sec,1.218 sec
1806,490048,490073,8175.642 sec,8176.059 sec,0.417 sec
1807,490073,490108,8176.059 sec,8176.643 sec,0.584 sec
1808,490108,490360,8176.643 sec,8180.848 sec,4.204 sec
1809,490360,490408,8180.848 sec,8181.648 sec,0.801 sec
1810,490408,490448,8181.648 sec,8182.316 sec,0.667 sec
1811,490448,490473,8182.316 sec,8182.733 sec,0.417 sec
1812,490473,490498,8182.733 sec,8183.150 sec,0.417 sec
1813,490498,490518,8183.150 sec,8183.483 sec,0.334 sec
1814,490518,490680,8183.483 sec,8186.186 sec,2.703 sec
1815,490680,490813,8186.186 sec,8188.405 sec,2.219 sec
1816,490813,490923,8188.405 sec,8190.240 sec,1.835 sec
1817,490923,491000,8190.240 sec,8191.525 sec,1.285 sec
1818,491000,491330,8191.525 sec,8197.030 sec,5.506 sec
1819,491330,491408,8197.030 sec,8198.332 sec,1.301 sec
1820,491408,491438,8198.332 sec,8198.832 sec,0.501 sec
1821,491438,491855,8198.832 sec,8205.789 sec,6.957 sec
1822,491855,491945,8205.789 sec,8207.291 sec,1.502 sec
1823,491945,492213,8207.291 sec,8211.762 sec,4.471 sec
1824,492213,492615,8211.762 sec,8218.468 sec,6.707 sec
1825,492615,492678,8218.468 sec,8219.520 sec,1.051 sec
1826,492678,492765,8219.520 sec,8220.971 sec,1.451 sec
1827,492765,493130,8220.971 sec,8227.060 sec,6.089 sec
1828,493130,493426,8227.060 sec,8231.999 sec,4.938 sec
1829,493426,495032,8231.999 sec,8258.792 sec,26.793 sec
1830,495032,501422,8258.792 sec,8365.399 sec,106.607 sec
1831,501422,501607,8365.399 sec,8368.485 sec,3.086 sec
1832,501607,501687,8368.485 sec,8369.820 sec,1.335 sec
1833,501687,501842,8369.820 sec,8372.406 sec,2.586 sec
1834,501842,501937,8372.406 sec,8373.991 sec,1.585 sec
1835,501937,502142,8373.991 sec,8377.411 sec,3.420 sec
1836,502142,502217,8377.411 sec,8378.662 sec,1.251 sec
1837,502217,502667,8378.662 sec,8386.170 sec,7.508 sec
1838,502667,503039,8386.170 sec,8392.376 sec,6.206 sec
1839,503039,503327,8392.376 sec,8397.181 sec,4.805 sec
1840,503327,503447,8397.181 sec,8399.183 sec,2.002 sec
1841,503447,503634,8399.183 sec,8402.302 sec,3.120 sec
1842,503634,508950,8402.302 sec,8490.991 sec,88.689 sec
1843,508950,509115,8490.991 sec,8493.744 sec,2.753 sec
1844,509115,509232,8493.744 sec,8495.696 sec,1.952 sec
1845,509232,509477,8495.696 sec,8499.783 sec,4.087 sec
1846,509477,509747,8499.783 sec,8504.288 sec,4.505 sec
1847,509747,509865,8504.288 sec,8506.256 sec,1.969 sec
1848,509865,509980,8506.256 sec,8508.175 sec,1.919 sec
1849,509980,511080,8508.175 sec,8526.527 sec,18.352 sec
1850,511080,511290,8526.527 sec,8530.030 sec,3.504 sec
1851,511290,511460,8530.030 sec,8532.866 sec,2.836 sec
1852,511460,511790,8532.866 sec,8538.372 sec,5.506 sec
1853,511790,512035,8538.372 sec,8542.459 sec,4.087 sec
1854,512035,512145,8542.459 sec,8544.294 sec,1.835 sec
1855,512145,512355,8544.294 sec,8547.798 sec,3.504 sec
1856,512355,512452,8547.798 sec,8549.416 sec,1.618 sec
1857,512452,520221,8549.416 sec,8679.029 sec,129.613 sec
