Start,End,Start Time,End Time,Action
0,1008,00:00:00.000,00:00:40.320, none
1009,1129,00:00:40.360,00:00:45.160, none
1130,6123,00:00:45.200,00:04:04.920, none 
6124,8405,00:04:04.960,00:05:36.200, fight 
8406,8451,00:05:36.240,00:05:38.040, none
8452,8489,00:05:38.080,00:05:39.560, escape
8490,8570,00:05:39.600,00:05:42.800, fight
8571,8817,00:05:42.840,00:05:52.680, fight
8818,8859,00:05:52.720,00:05:54.360, none
8860,8896,00:05:54.400,00:05:55.840, none
8897,8923,00:05:55.880,00:05:56.920, none
8924,8939,00:05:56.960,00:05:57.560, fight
8940,8977,00:05:57.600,00:05:59.080, fight
8978,9052,00:05:59.120,00:06:02.080, escape
9053,9063,00:06:02.120,00:06:02.520, none
9064,9169,00:06:02.560,00:06:06.760, capture
9170,9208,00:06:06.800,00:06:08.320, capture
9209,9231,00:06:08.360,00:06:09.240, none
9232,9383,00:06:09.280,00:06:15.320, capture/fight
9384,9519,00:06:15.360,00:06:20.760, none
9520,10013,00:06:20.800,00:06:40.520, fight/escape
10014,10159,00:06:40.560,00:06:46.360, none
10160,10305,00:06:46.400,00:06:52.200, none
10306,10727,00:06:52.240,00:07:09.080, none
10728,10877,00:07:09.120,00:07:15.080, none
10878,11034,00:07:15.120,00:07:21.360, none
11035,11115,00:07:21.400,00:07:24.600, none
11116,11215,00:07:24.640,00:07:28.600, none
11216,11333,00:07:28.640,00:07:33.320, none
11334,11869,00:07:33.360,00:07:54.760, none
11870,11905,00:07:54.800,00:07:56.200, none
11906,12964,00:07:56.240,00:08:38.560, none
12965,13587,00:08:38.600,00:09:03.480, none
13588,15630,00:09:03.520,00:10:25.200, rescue
15631,15717,00:10:25.240,00:10:28.680, none
15718,15768,00:10:28.720,00:10:30.720, none
15769,15899,00:10:30.760,00:10:35.960, none
15900,16028,00:10:36.000,00:10:41.120, none
16029,16078,00:10:41.160,00:10:43.120, none
16079,16183,00:10:43.160,00:10:47.320, none
16184,16489,00:10:47.360,00:10:59.560, none
16490,16546,00:10:59.600,00:11:01.840, none
16547,17793,00:11:01.880,00:11:51.720, fight
17794,17905,00:11:51.760,00:11:56.200, none
17906,18618,00:11:56.240,00:12:24.720, none
18619,19030,00:12:24.760,00:12:41.200, none
19031,19088,00:12:41.240,00:12:43.520, none
19089,19120,00:12:43.560,00:12:44.800, none
19121,19237,00:12:44.840,00:12:49.480, none
19238,19275,00:12:49.520,00:12:51.000, none
19276,19344,00:12:51.040,00:12:53.760, none
19345,19605,00:12:53.800,00:13:04.200, none
19606,19768,00:13:04.240,00:13:10.720, none
19769,19843,00:13:10.760,00:13:13.720, none
19844,20374,00:13:13.760,00:13:34.960, none
20375,20405,00:13:35.000,00:13:36.200, none
20406,20516,00:13:36.240,00:13:40.640, none
20517,21288,00:13:40.680,00:14:11.520, none
21289,21360,00:14:11.560,00:14:14.400, none
21361,21363,00:14:14.440,00:14:14.520, none
21364,22286,00:14:14.560,00:14:51.440, none
22287,22417,00:14:51.480,00:14:56.680, none
22418,22489,00:14:56.720,00:14:59.560, none
22490,22551,00:14:59.600,00:15:02.040, none
22552,22594,00:15:02.080,00:15:03.760, none
22595,22668,00:15:03.800,00:15:06.720, none
22669,24332,00:15:06.760,00:16:13.280, none
24333,24542,00:16:13.320,00:16:21.680, none
24543,24700,00:16:21.720,00:16:28.000, none
24701,24805,00:16:28.040,00:16:32.200, none
24806,25014,00:16:32.240,00:16:40.560, none
25015,26314,00:16:40.600,00:17:32.560, none
26315,26882,00:17:32.600,00:17:55.280, none
26883,27147,00:17:55.320,00:18:05.880, none
27148,28333,00:18:05.920,00:18:53.320, none
28334,28451,00:18:53.360,00:18:58.040, none
28452,28521,00:18:58.080,00:19:00.840, none
28522,28565,00:19:00.880,00:19:02.600, none
28566,28622,00:19:02.640,00:19:04.880, none
28623,28795,00:19:04.920,00:19:11.800, none
28796,28853,00:19:11.840,00:19:14.120, none
28854,28897,00:19:14.160,00:19:15.880, none
28898,29337,00:19:15.920,00:19:33.480, none
29338,29620,00:19:33.520,00:19:44.800, none
29621,29696,00:19:44.840,00:19:47.840, none
29697,29832,00:19:47.880,00:19:53.280, none
29833,29903,00:19:53.320,00:19:56.120, none
29904,30043,00:19:56.160,00:20:01.720, none
30044,30116,00:20:01.760,00:20:04.640, none
30117,30167,00:20:04.680,00:20:06.680, none
30168,30232,00:20:06.720,00:20:09.280, none
30233,30565,00:20:09.320,00:20:22.600, none
30566,30603,00:20:22.640,00:20:24.120, none
30604,30725,00:20:24.160,00:20:29.000, none
30726,30742,00:20:29.040,00:20:29.680, none
30743,30822,00:20:29.720,00:20:32.880, none
30823,30866,00:20:32.920,00:20:34.640, none
30867,30965,00:20:34.680,00:20:38.600, none
30966,31007,00:20:38.640,00:20:40.280, none
31008,31101,00:20:40.320,00:20:44.040, none
31102,31442,00:20:44.080,00:20:57.680, none
31443,31500,00:20:57.720,00:21:00.000, none
31501,31528,00:21:00.040,00:21:01.120, none
31529,31614,00:21:01.160,00:21:04.560, none
31615,31714,00:21:04.600,00:21:08.560, none
31715,31919,00:21:08.600,00:21:16.760, none
31920,32379,00:21:16.800,00:21:35.160, none
32380,32436,00:21:35.200,00:21:37.440, none
32437,33338,00:21:37.480,00:22:13.520, none
33339,33803,00:22:13.560,00:22:32.120, none
33804,34257,00:22:32.160,00:22:50.280, none
34258,34472,00:22:50.320,00:22:58.880, none
34473,34570,00:22:58.920,00:23:02.800, none
34571,34628,00:23:02.840,00:23:05.120, none
34629,35012,00:23:05.160,00:23:20.480, pursuit
35013,35576,00:23:20.520,00:23:43.040, heist
35577,35613,00:23:43.080,00:23:44.520, none
35614,35718,00:23:44.560,00:23:48.720, none
35719,35855,00:23:48.760,00:23:54.200, none
35856,35945,00:23:54.240,00:23:57.800, fight
35946,35974,00:23:57.840,00:23:58.960, fight
35975,35991,00:23:59.000,00:23:59.640, fight
35992,36016,00:23:59.680,00:24:00.640, fight
36017,36285,00:24:00.680,00:24:11.400, fight
36286,36990,00:24:11.440,00:24:39.600, escape/pursuit
36991,37033,00:24:39.640,00:24:41.320, none
37034,37189,00:24:41.360,00:24:47.560, escape
37190,37204,00:24:47.600,00:24:48.160, none
37205,37210,00:24:48.200,00:24:48.400, none
37211,37270,00:24:48.440,00:24:50.800, none
37271,37361,00:24:50.840,00:24:54.440, escape
37362,37407,00:24:54.480,00:24:56.280, fight
37408,37544,00:24:56.320,00:25:01.760, fight
37545,37649,00:25:01.800,00:25:05.960, fight
37650,37682,00:25:06.000,00:25:07.280, none
37683,37739,00:25:07.320,00:25:09.560, fight
37740,37749,00:25:09.600,00:25:09.960, none
37750,37766,00:25:10.000,00:25:10.640, fight
37767,37786,00:25:10.680,00:25:11.440, none
37787,37823,00:25:11.480,00:25:12.920, fight
37824,37873,00:25:12.960,00:25:14.920, fight
37874,37882,00:25:14.960,00:25:15.280, none
37883,37891,00:25:15.320,00:25:15.640, none
37892,37933,00:25:15.680,00:25:17.320, capture
37934,37959,00:25:17.360,00:25:18.360, none
37960,38138,00:25:18.400,00:25:25.520, capture
38139,38213,00:25:25.560,00:25:28.520, none
38214,38321,00:25:28.560,00:25:32.840, capture/escape
38322,38356,00:25:32.880,00:25:34.240, none
38357,38405,00:25:34.280,00:25:36.200, none
38406,38702,00:25:36.240,00:25:48.080, fight/escape
38703,39008,00:25:48.120,00:26:00.320, fight/pursuit
39009,39198,00:26:00.360,00:26:07.920, fight/escape
39199,39674,00:26:07.960,00:26:26.960, escape
39675,39723,00:26:27.000,00:26:28.920, none
39724,39779,00:26:28.960,00:26:31.160, none
39780,39811,00:26:31.200,00:26:32.440, none
39812,39834,00:26:32.480,00:26:33.360, none
39835,39992,00:26:33.400,00:26:39.680, rescue
39993,40089,00:26:39.720,00:26:43.560, none
40090,40138,00:26:43.600,00:26:45.520, none
40139,40159,00:26:45.560,00:26:46.360, none
40160,40201,00:26:46.400,00:26:48.040, none
40202,40227,00:26:48.080,00:26:49.080, none
40228,40256,00:26:49.120,00:26:50.240, none
40257,40269,00:26:50.280,00:26:50.760, none
40270,40284,00:26:50.800,00:26:51.360, none
40285,40311,00:26:51.400,00:26:52.440, fight
40312,40355,00:26:52.480,00:26:54.200, capture/Fight
40356,40766,00:26:54.240,00:27:10.640, capture/rescue
40767,40826,00:27:10.680,00:27:13.040, none
40827,40855,00:27:13.080,00:27:14.200, none
40856,40900,00:27:14.240,00:27:16.000, none
40901,40936,00:27:16.040,00:27:17.440, none
40937,40963,00:27:17.480,00:27:18.520, fight
40964,40995,00:27:18.560,00:27:19.800, none
40996,41204,00:27:19.840,00:27:28.160, capture/rescue
41205,41334,00:27:28.200,00:27:33.360, none
41335,41397,00:27:33.400,00:27:35.880, none
41398,41545,00:27:35.920,00:27:41.800, fight
41546,41564,00:27:41.840,00:27:42.560, none
41565,41692,00:27:42.600,00:27:47.680, fight
41693,41745,00:27:47.720,00:27:49.800, none
41746,41837,00:27:49.840,00:27:53.480, fight
41838,41844,00:27:53.520,00:27:53.760, none
41845,41849,00:27:53.800,00:27:53.960, none
41850,42019,00:27:54.000,00:28:00.760, fight
42020,42038,00:28:00.800,00:28:01.520, rescue
42039,42074,00:28:01.560,00:28:02.960, rescue
42075,42097,00:28:03.000,00:28:03.880, none
42098,42142,00:28:03.920,00:28:05.680, rescue
42143,42185,00:28:05.720,00:28:07.400, none
42186,42246,00:28:07.440,00:28:09.840, rescue
42247,42317,00:28:09.880,00:28:12.680, none
42318,42325,00:28:12.720,00:28:13.000, rescue
42326,42551,00:28:13.040,00:28:22.040, escape/rescue
42552,42584,00:28:22.080,00:28:23.360, none
42585,42775,00:28:23.400,00:28:31.000, none
42776,42814,00:28:31.040,00:28:32.560, none
42815,42854,00:28:32.600,00:28:34.160, none
42855,42910,00:28:34.200,00:28:36.400, none
42911,42920,00:28:36.440,00:28:36.800, none
42921,42941,00:28:36.840,00:28:37.640, none
42942,42968,00:28:37.680,00:28:38.720, none
42969,43038,00:28:38.760,00:28:41.520, none
43039,43075,00:28:41.560,00:28:43.000, none
43076,43156,00:28:43.040,00:28:46.240, escape
43157,43230,00:28:46.280,00:28:49.200, none
43231,43365,00:28:49.240,00:28:54.600, none
43366,43430,00:28:54.640,00:28:57.200, escape
43431,43764,00:28:57.240,00:29:10.560, none
43765,44123,00:29:10.600,00:29:24.920, none
44124,44168,00:29:24.960,00:29:26.720, none
44169,44701,00:29:26.760,00:29:48.040, none
44702,44858,00:29:48.080,00:29:54.320, none
44859,45099,00:29:54.360,00:30:03.960, none
45100,45260,00:30:04.000,00:30:10.400, none
45261,46495,00:30:10.440,00:30:59.800, none
46496,46520,00:30:59.840,00:31:00.800, none
46521,46586,00:31:00.840,00:31:03.440, none
46587,46634,00:31:03.480,00:31:05.360, none
46635,47061,00:31:05.400,00:31:22.440, none
47062,48719,00:31:22.480,00:32:28.760, none
48720,48917,00:32:28.800,00:32:36.680, none
48918,49030,00:32:36.720,00:32:41.200, none
49031,49141,00:32:41.240,00:32:45.640, none
49142,49205,00:32:45.680,00:32:48.200, none
49206,49333,00:32:48.240,00:32:53.320, none
49334,49783,00:32:53.360,00:33:11.320, none
49784,49835,00:33:11.360,00:33:13.400, none
49836,49926,00:33:13.440,00:33:17.040, none
49927,49977,00:33:17.080,00:33:19.080, none
49978,50040,00:33:19.120,00:33:21.600, none
50041,50149,00:33:21.640,00:33:25.960, none
50150,50207,00:33:26.000,00:33:28.280, none
50208,50243,00:33:28.320,00:33:29.720, none
50244,50283,00:33:29.760,00:33:31.320, none
50284,50304,00:33:31.360,00:33:32.160, none
50305,50324,00:33:32.200,00:33:32.960, none
50325,50705,00:33:33.000,00:33:48.200, none
50706,50736,00:33:48.240,00:33:49.440, none
50737,50804,00:33:49.480,00:33:52.160, none
50805,50854,00:33:52.200,00:33:54.160, none
50855,50902,00:33:54.200,00:33:56.080, none
50903,51643,00:33:56.120,00:34:25.720, none
51644,52113,00:34:25.760,00:34:44.520, none
52114,52259,00:34:44.560,00:34:50.360, none
52260,53331,00:34:50.400,00:35:33.240, none
53332,53607,00:35:33.280,00:35:44.280, none
53608,53663,00:35:44.320,00:35:46.520, none
53664,53701,00:35:46.560,00:35:48.040, none
53702,53799,00:35:48.080,00:35:51.960, none 
53800,54229,00:35:52.000,00:36:09.160, none
54230,54457,00:36:09.200,00:36:18.280, fight
54458,54490,00:36:18.320,00:36:19.600, none
54491,54609,00:36:19.640,00:36:24.360, none
54610,54625,00:36:24.400,00:36:25.000, none
54626,54630,00:36:25.040,00:36:25.200, fight
54631,54691,00:36:25.240,00:36:27.640, none
54692,54711,00:36:27.680,00:36:28.440, fight
54712,54772,00:36:28.480,00:36:30.880, none
54773,55018,00:36:30.920,00:36:40.720, fight
55019,55248,00:36:40.760,00:36:49.920, none
55249,56332,00:36:49.960,00:37:33.280, none
56333,56478,00:37:33.320,00:37:39.120, none
56479,56816,00:37:39.160,00:37:52.640, none
56817,56887,00:37:52.680,00:37:55.480, none
56888,57458,00:37:55.520,00:38:18.320, none
57459,58045,00:38:18.360,00:38:41.800, none
58046,58131,00:38:41.840,00:38:45.240, none
58132,58193,00:38:45.280,00:38:47.720, none
58194,58597,00:38:47.760,00:39:03.880, none
58598,59126,00:39:03.920,00:39:25.040, none
59127,59205,00:39:25.080,00:39:28.200, none
59206,59239,00:39:28.240,00:39:29.560, none
59240,59296,00:39:29.600,00:39:31.840, none
59297,59379,00:39:31.880,00:39:35.160, none
59380,59416,00:39:35.200,00:39:36.640, none
59417,59450,00:39:36.680,00:39:38.000, none
59451,59646,00:39:38.040,00:39:45.840, none
59647,60445,00:39:45.880,00:40:17.800, none
60446,60772,00:40:17.840,00:40:30.880, none
60773,60789,00:40:30.920,00:40:31.560, none
60790,60960,00:40:31.600,00:40:38.400, none
60961,61045,00:40:38.440,00:40:41.800, none
61046,61098,00:40:41.840,00:40:43.920, none
61099,61392,00:40:43.960,00:40:55.680, none
61393,61418,00:40:55.720,00:40:56.720, none
61419,61468,00:40:56.760,00:40:58.720, none
61469,61513,00:40:58.760,00:41:00.520, capture
61514,61681,00:41:00.560,00:41:07.240, capture
61682,62283,00:41:07.280,00:41:31.320, none
62284,62412,00:41:31.360,00:41:36.480, capture
62413,62515,00:41:36.520,00:41:40.600, capture
62516,63595,00:41:40.640,00:42:23.800, none
63596,64891,00:42:23.840,00:43:15.640, none
64892,65098,00:43:15.680,00:43:23.920, none
65099,65137,00:43:23.960,00:43:25.480, none
65138,65223,00:43:25.520,00:43:28.920, none
65224,65262,00:43:28.960,00:43:30.480, none
65263,65304,00:43:30.520,00:43:32.160, none
65305,65622,00:43:32.200,00:43:44.880, none
65623,65927,00:43:44.920,00:43:57.080, none
65928,65989,00:43:57.120,00:43:59.560, none
65990,66102,00:43:59.600,00:44:04.080, none
66103,66164,00:44:04.120,00:44:06.560, none
66165,66820,00:44:06.600,00:44:32.800, none
66821,66881,00:44:32.840,00:44:35.240, none
66882,67097,00:44:35.280,00:44:43.880, none
67098,67572,00:44:43.920,00:45:02.880, none
67573,67803,00:45:02.920,00:45:12.120, none
67804,67994,00:45:12.160,00:45:19.760, none
67995,68274,00:45:19.800,00:45:30.960, none
68275,69021,00:45:31.000,00:46:00.840, none
69022,69214,00:46:00.880,00:46:08.560, none
69215,69837,00:46:08.600,00:46:33.480, none
69838,70023,00:46:33.520,00:46:40.920, none
70024,70104,00:46:40.960,00:46:44.160, none
70105,70170,00:46:44.200,00:46:46.800, none
70171,70239,00:46:46.840,00:46:49.560, none
70240,70576,00:46:49.600,00:47:03.040, none
70577,70629,00:47:03.080,00:47:05.160, none
70630,70763,00:47:05.200,00:47:10.520, none
70764,70859,00:47:10.560,00:47:14.360, none
70860,70893,00:47:14.400,00:47:15.720, none
70894,70937,00:47:15.760,00:47:17.480, none
70938,70970,00:47:17.520,00:47:18.800, none
70971,71050,00:47:18.840,00:47:22.000, fight
71051,71085,00:47:22.040,00:47:23.400, none
71086,71260,00:47:23.440,00:47:30.400, none
71261,71271,00:47:30.440,00:47:30.840, none
71272,71292,00:47:30.880,00:47:31.680, none
71293,71340,00:47:31.720,00:47:33.600, fight 
71341,71352,00:47:33.640,00:47:34.080, none
71353,71381,00:47:34.120,00:47:35.240, fight
71382,71403,00:47:35.280,00:47:36.120, none
71404,71440,00:47:36.160,00:47:37.600, none
71441,71453,00:47:37.640,00:47:38.120, none
71454,71472,00:47:38.160,00:47:38.880, fight
71473,71500,00:47:38.920,00:47:40.000, capture
71501,71520,00:47:40.040,00:47:40.800, none
71521,71568,00:47:40.840,00:47:42.720, none
71569,71647,00:47:42.760,00:47:45.880, none
71648,71810,00:47:45.920,00:47:52.400, escape/fight
71811,72072,00:47:52.440,00:48:02.880, speed/escape
72073,72227,00:48:02.920,00:48:09.080, none
72228,72278,00:48:09.120,00:48:11.120, none
72279,72279,00:48:11.160,00:48:11.160, none
72280,72388,00:48:11.200,00:48:15.520, none
72389,72394,00:48:15.560,00:48:15.760, none
72395,72515,00:48:15.800,00:48:20.600, none 
72516,72519,00:48:20.640,00:48:20.760, none
72520,72538,00:48:20.800,00:48:21.520, none
72539,73146,00:48:21.560,00:48:45.840, none
73147,73412,00:48:45.880,00:48:56.480, none
73413,73716,00:48:56.520,00:49:08.640, none
73717,74008,00:49:08.680,00:49:20.320, none
74009,75072,00:49:20.360,00:50:02.880, none
75073,75175,00:50:02.920,00:50:07.000, none
75176,75572,00:50:07.040,00:50:22.880, none
75573,75730,00:50:22.920,00:50:29.200, none
75731,75879,00:50:29.240,00:50:35.160, none
75880,76254,00:50:35.200,00:50:50.160, none
76255,76580,00:50:50.200,00:51:03.200, none
76581,76712,00:51:03.240,00:51:08.480, none
76713,76786,00:51:08.520,00:51:11.440, none
76787,76839,00:51:11.480,00:51:13.560, none
76840,77709,00:51:13.600,00:51:48.360, none
77710,77769,00:51:48.400,00:51:50.760, none
77770,78119,00:51:50.800,00:52:04.760, none
78120,78429,00:52:04.800,00:52:17.160, none
78430,78616,00:52:17.200,00:52:24.640, none
78617,78792,00:52:24.680,00:52:31.680, none
78793,79159,00:52:31.720,00:52:46.360, none
79160,79213,00:52:46.400,00:52:48.520, none
79214,80022,00:52:48.560,00:53:20.880, none
80023,80047,00:53:20.920,00:53:21.880, none
80048,80194,00:53:21.920,00:53:27.760, none
80195,80217,00:53:27.800,00:53:28.680, none
80218,80255,00:53:28.720,00:53:30.200, none
80256,80415,00:53:30.240,00:53:36.600, none
80416,80488,00:53:36.640,00:53:39.520, none
80489,80552,00:53:39.560,00:53:42.080, none
80553,80633,00:53:42.120,00:53:45.320, none
80634,80804,00:53:45.360,00:53:52.160, none
80805,80855,00:53:52.200,00:53:54.200, none
80856,80982,00:53:54.240,00:53:59.280, none
80983,81071,00:53:59.320,00:54:02.840, none
81072,81105,00:54:02.880,00:54:04.200, none
81106,81289,00:54:04.240,00:54:11.560, none
81290,81319,00:54:11.600,00:54:12.760, none
81320,81452,00:54:12.800,00:54:18.080, none
81453,81527,00:54:18.120,00:54:21.080, none
81528,81626,00:54:21.120,00:54:25.040, none
81627,81744,00:54:25.080,00:54:29.760, none
81745,81816,00:54:29.800,00:54:32.640, none
81817,82082,00:54:32.680,00:54:43.280, none
82083,82411,00:54:43.320,00:54:56.440, none
82412,82446,00:54:56.480,00:54:57.840, none
82447,82700,00:54:57.880,00:55:08.000, none
82701,82903,00:55:08.040,00:55:16.120, none
82904,83279,00:55:16.160,00:55:31.160, none
83280,83294,00:55:31.200,00:55:31.760, none
83295,83407,00:55:31.800,00:55:36.280, none
83408,83528,00:55:36.320,00:55:41.120, none
83529,83998,00:55:41.160,00:55:59.920, none
83999,84260,00:55:59.960,00:56:10.400, none
84261,84450,00:56:10.440,00:56:18.000, none
84451,84673,00:56:18.040,00:56:26.920, none
84674,85142,00:56:26.960,00:56:45.680, none
85143,85629,00:56:45.720,00:57:05.160, none
85630,85676,00:57:05.200,00:57:07.040, none
85677,86797,00:57:07.080,00:57:51.880, none
86798,87410,00:57:51.920,00:58:16.400, none
87411,87459,00:58:16.440,00:58:18.360, none
87460,87514,00:58:18.400,00:58:20.560, none
87515,87738,00:58:20.600,00:58:29.520, none
87739,87782,00:58:29.560,00:58:31.280, none
87783,87878,00:58:31.320,00:58:35.120, none
87879,88082,00:58:35.160,00:58:43.280, none
88083,88241,00:58:43.320,00:58:49.640, none
88242,88354,00:58:49.680,00:58:54.160, fight
88355,88362,00:58:54.200,00:58:54.480, none
88363,88450,00:58:54.520,00:58:58.000, none
88451,88736,00:58:58.040,00:59:09.440, capture
88737,89105,00:59:09.480,00:59:24.200, capture
89106,89332,00:59:24.240,00:59:33.280, capture
89333,89367,00:59:33.320,00:59:34.680, none
89368,89729,00:59:34.720,00:59:49.160, none
89730,89858,00:59:49.200,00:59:54.320, none
89859,89982,00:59:54.360,00:59:59.280, none
89983,90106,00:59:59.320,01:00:04.240, none
90107,90469,01:00:04.280,01:00:18.760, none
90470,90489,01:00:18.800,01:00:19.560, none
90490,90527,01:00:19.600,01:00:21.080, none
90528,90549,01:00:21.120,01:00:21.960, none
90550,91093,01:00:22.000,01:00:43.720, none
91094,91459,01:00:43.760,01:00:58.360, capture
91460,91530,01:00:58.400,01:01:01.200, capture
91531,91711,01:01:01.240,01:01:08.440, none
91712,91754,01:01:08.480,01:01:10.160, none
91755,91831,01:01:10.200,01:01:13.240, none
91832,91894,01:01:13.280,01:01:15.760, none
91895,91997,01:01:15.800,01:01:19.880, none
91998,92084,01:01:19.920,01:01:23.360, none
92085,92150,01:01:23.400,01:01:26.000, none
92151,92222,01:01:26.040,01:01:28.880, none
92223,92285,01:01:28.920,01:01:31.400, none
92286,92358,01:01:31.440,01:01:34.320, none
92359,92516,01:01:34.360,01:01:40.640, none
92517,92552,01:01:40.680,01:01:42.080, none
92553,92822,01:01:42.120,01:01:52.880, none
92823,92868,01:01:52.920,01:01:54.720, none
92869,92980,01:01:54.760,01:01:59.200, none
92981,93060,01:01:59.240,01:02:02.400, none
93061,93321,01:02:02.440,01:02:12.840, none
93322,93389,01:02:12.880,01:02:15.560, none
93390,93481,01:02:15.600,01:02:19.240, none
93482,93573,01:02:19.280,01:02:22.920, none
93574,93642,01:02:22.960,01:02:25.680, none
93643,93691,01:02:25.720,01:02:27.640, none
93692,93845,01:02:27.680,01:02:33.800, none
93846,93916,01:02:33.840,01:02:36.640, none
93917,94297,01:02:36.680,01:02:51.880, capture
94298,94334,01:02:51.920,01:02:53.360, none
94335,94400,01:02:53.400,01:02:56.000, none
94401,94428,01:02:56.040,01:02:57.120, none
94429,94729,01:02:57.160,01:03:09.160, none
94730,94832,01:03:09.200,01:03:13.280, none
94833,94862,01:03:13.320,01:03:14.480, none
94863,94956,01:03:14.520,01:03:18.240, pursuit
94957,95116,01:03:18.280,01:03:24.640, none
95117,95324,01:03:24.680,01:03:32.960, none
95325,95361,01:03:33.000,01:03:34.440, none
95362,95659,01:03:34.480,01:03:46.360, none
95660,95729,01:03:46.400,01:03:49.160, none
95730,95778,01:03:49.200,01:03:51.120, none
95779,95835,01:03:51.160,01:03:53.400, none
95836,95879,01:03:53.440,01:03:55.160, none
95880,96254,01:03:55.200,01:04:10.160, fight
96255,96271,01:04:10.200,01:04:10.840, none
96272,96324,01:04:10.880,01:04:12.960, none
96325,96350,01:04:13.000,01:04:14.000, none
96351,96365,01:04:14.040,01:04:14.600, none
96366,96380,01:04:14.640,01:04:15.200, none
96381,96423,01:04:15.240,01:04:16.920, rescue/heist
96424,96473,01:04:16.960,01:04:18.920, capture/rescue/fight
96474,96497,01:04:18.960,01:04:19.880, fight/capture
96498,96534,01:04:19.920,01:04:21.360, fight
96535,96541,01:04:21.400,01:04:21.640, none
96542,96553,01:04:21.680,01:04:22.120, none
96554,96580,01:04:22.160,01:04:23.200, none
96581,96607,01:04:23.240,01:04:24.280, none
96608,96633,01:04:24.320,01:04:25.320, escape/rescue
96634,96698,01:04:25.360,01:04:27.920, escape/rescue
96699,96782,01:04:27.960,01:04:31.280, escape/resuce
96783,96830,01:04:31.320,01:04:33.200, escape/rescue
96831,96844,01:04:33.240,01:04:33.760, escape/rescue
96845,96913,01:04:33.800,01:04:36.520, escape/rescue
96914,96986,01:04:36.560,01:04:39.440, none
96987,97139,01:04:39.480,01:04:45.560, escape
97140,97201,01:04:45.600,01:04:48.040, none
97202,97240,01:04:48.080,01:04:49.600, pursuit
97241,97295,01:04:49.640,01:04:51.800, none
97296,97361,01:04:51.840,01:04:54.440, none
97362,97424,01:04:54.480,01:04:56.960, escape
97425,97597,01:04:57.000,01:05:03.880, speed
97598,97682,01:05:03.920,01:05:07.280, speed
97683,97842,01:05:07.320,01:05:13.680, pursuit/speed
97843,97923,01:05:13.720,01:05:16.920, none
97924,98042,01:05:16.960,01:05:21.680, speed/pursuit
98043,98178,01:05:21.720,01:05:27.120, pursuit/speed
98179,98276,01:05:27.160,01:05:31.040, pursuit/speed/fight
98277,98313,01:05:31.080,01:05:32.520, none
98314,98351,01:05:32.560,01:05:34.040, none
98352,98414,01:05:34.080,01:05:36.560, none 
98415,98510,01:05:36.600,01:05:40.400, speed/pursuit
98511,98534,01:05:40.440,01:05:41.360, none
98535,98592,01:05:41.400,01:05:43.680, none
98593,98637,01:05:43.720,01:05:45.480, none
98638,98699,01:05:45.520,01:05:47.960, none
98700,98755,01:05:48.000,01:05:50.200, none
98756,98797,01:05:50.240,01:05:51.880, none
98798,98853,01:05:51.920,01:05:54.120, none
98854,98912,01:05:54.160,01:05:56.480, none
98913,98966,01:05:56.520,01:05:58.640, none
98967,98992,01:05:58.680,01:05:59.680, none
98993,99015,01:05:59.720,01:06:00.600, none
99016,99024,01:06:00.640,01:06:00.960, none
99025,99039,01:06:01.000,01:06:01.560, none
99040,99046,01:06:01.600,01:06:01.840, none
99047,99061,01:06:01.880,01:06:02.440, none
99062,99432,01:06:02.480,01:06:17.280, rescue
99433,99479,01:06:17.320,01:06:19.160, pursuit
99480,99571,01:06:19.200,01:06:22.840, pursuit/rescue
99572,99595,01:06:22.880,01:06:23.800, none
99596,99666,01:06:23.840,01:06:26.640, none
99667,99687,01:06:26.680,01:06:27.480, none 
99688,99736,01:06:27.520,01:06:29.440, none
99737,99859,01:06:29.480,01:06:34.360, none
99860,100021,01:06:34.400,01:06:40.840, pursuit/rescue/fight
100022,100111,01:06:40.880,01:06:44.440, rescue
100112,100136,01:06:44.480,01:06:45.440, none
100137,100150,01:06:45.480,01:06:46.000, none
100151,100174,01:06:46.040,01:06:46.960, none
100175,100263,01:06:47.000,01:06:50.520, none
100264,100298,01:06:50.560,01:06:51.920, none
100299,100363,01:06:51.960,01:06:54.520, none
100364,100389,01:06:54.560,01:06:55.560, none
100390,100429,01:06:55.600,01:06:57.160, escape
100430,100442,01:06:57.200,01:06:57.680, none
100443,100470,01:06:57.720,01:06:58.800, none
100471,100522,01:06:58.840,01:07:00.880, escape/rescue
100523,100704,01:07:00.920,01:07:08.160, escape/rescue
100705,100818,01:07:08.200,01:07:12.720, escape/rescue
100819,100848,01:07:12.760,01:07:13.920, none
100849,101141,01:07:13.960,01:07:25.640, escape/fight
101142,101205,01:07:25.680,01:07:28.200, escape
101206,101233,01:07:28.240,01:07:29.320, none
101234,101307,01:07:29.360,01:07:32.280, none
101308,101406,01:07:32.320,01:07:36.240, none
101407,101499,01:07:36.280,01:07:39.960, none
101500,101536,01:07:40.000,01:07:41.440, none
101537,101575,01:07:41.480,01:07:43.000, none
101576,101609,01:07:43.040,01:07:44.360, none
101610,101649,01:07:44.400,01:07:45.960, none
101650,101715,01:07:46.000,01:07:48.600, fight
101716,101748,01:07:48.640,01:07:49.920, none
101749,101898,01:07:49.960,01:07:55.920, fight
101899,101925,01:07:55.960,01:07:57.000, fight
101926,101958,01:07:57.040,01:07:58.320, fight
101959,102005,01:07:58.360,01:08:00.200, fight
102006,102007,01:08:00.240,01:08:00.280, fight
102008,102008,01:08:00.320,01:08:00.320, fight
102009,102015,01:08:00.360,01:08:00.600, fight
102016,102033,01:08:00.640,01:08:01.320, fight
102034,102041,01:08:01.360,01:08:01.640, fight
102042,102066,01:08:01.680,01:08:02.640, fight
102067,102231,01:08:02.680,01:08:09.240, fight
102232,102245,01:08:09.280,01:08:09.800, none
102246,102362,01:08:09.840,01:08:14.480, none
102363,102408,01:08:14.520,01:08:16.320, fight
102409,102528,01:08:16.360,01:08:21.120, fight
102529,102580,01:08:21.160,01:08:23.200, fight
102581,102634,01:08:23.240,01:08:25.360, fight
102635,102677,01:08:25.400,01:08:27.080, fight
102678,102781,01:08:27.120,01:08:31.240, fight
102782,102800,01:08:31.280,01:08:32.000, none
102801,102874,01:08:32.040,01:08:34.960, fight
102875,103008,01:08:35.000,01:08:40.320, fight
103009,103048,01:08:40.360,01:08:41.920, none
103049,103118,01:08:41.960,01:08:44.720, escape
103119,103179,01:08:44.760,01:08:47.160, none
103180,103255,01:08:47.200,01:08:50.200, none
103256,103276,01:08:50.240,01:08:51.040, none
103277,103289,01:08:51.080,01:08:51.560, none
103290,103351,01:08:51.600,01:08:54.040, none
103352,103494,01:08:54.080,01:08:59.760, speed
103495,103765,01:08:59.800,01:09:10.600, speed/pursuit
103766,104133,01:09:10.640,01:09:25.320, none
104134,104318,01:09:25.360,01:09:32.720, speed
104319,104625,01:09:32.760,01:09:45.000, speed
104626,104960,01:09:45.040,01:09:58.400, none
104961,105006,01:09:58.440,01:10:00.240, none
105007,105480,01:10:00.280,01:10:19.200, speed
105481,105712,01:10:19.240,01:10:28.480, none
105713,105840,01:10:28.520,01:10:33.600, none
105841,105894,01:10:33.640,01:10:35.760, none
105895,106013,01:10:35.800,01:10:40.520, none
106014,106175,01:10:40.560,01:10:47.000, none
106176,106221,01:10:47.040,01:10:48.840, none
106222,106303,01:10:48.880,01:10:52.120, none
106304,106710,01:10:52.160,01:11:08.400, none
106711,106765,01:11:08.440,01:11:10.600, none
106766,106853,01:11:10.640,01:11:14.120, none
106854,106915,01:11:14.160,01:11:16.600, none
106916,106968,01:11:16.640,01:11:18.720, none
106969,106998,01:11:18.760,01:11:19.920, none
106999,107075,01:11:19.960,01:11:23.000, none
107076,107755,01:11:23.040,01:11:50.200, none
107756,108426,01:11:50.240,01:12:17.040, none
108427,110008,01:12:17.080,01:13:20.320, none
110009,110265,01:13:20.360,01:13:30.600, none
110266,110365,01:13:30.640,01:13:34.600, none
110366,110519,01:13:34.640,01:13:40.760, none
110520,110599,01:13:40.800,01:13:43.960, none
110600,110708,01:13:44.000,01:13:48.320, none
110709,110772,01:13:48.360,01:13:50.880, none
110773,110893,01:13:50.920,01:13:55.720, none
110894,110937,01:13:55.760,01:13:57.480, none
110938,111021,01:13:57.520,01:14:00.840, none
111022,111441,01:14:00.880,01:14:17.640, none
111442,111523,01:14:17.680,01:14:20.920, none
111524,111611,01:14:20.960,01:14:24.440, fight
111612,111614,01:14:24.480,01:14:24.560, none
111615,111981,01:14:24.600,01:14:39.240, none
111982,112261,01:14:39.280,01:14:50.440, none
112262,112643,01:14:50.480,01:15:05.720, none
112644,112939,01:15:05.760,01:15:17.560, none
112940,112976,01:15:17.600,01:15:19.040, none
112977,113134,01:15:19.080,01:15:25.360, none
113135,114182,01:15:25.400,01:16:07.280, none
114183,114211,01:16:07.320,01:16:08.440, none
114212,114334,01:16:08.480,01:16:13.360, none
114335,114364,01:16:13.400,01:16:14.560, none
114365,114409,01:16:14.600,01:16:16.360, none
114410,114441,01:16:16.400,01:16:17.640, none
114442,114712,01:16:17.680,01:16:28.480, none
114713,114753,01:16:28.520,01:16:30.120, none
114754,114907,01:16:30.160,01:16:36.280, none
114908,115413,01:16:36.320,01:16:56.520, none
115414,115466,01:16:56.560,01:16:58.640, none
115467,115903,01:16:58.680,01:17:16.120, none
115904,115953,01:17:16.160,01:17:18.120, none
115954,116078,01:17:18.160,01:17:23.120, none
116079,116119,01:17:23.160,01:17:24.760, none
116120,116251,01:17:24.800,01:17:30.040, none
116252,116319,01:17:30.080,01:17:32.760, none
116320,116399,01:17:32.800,01:17:35.960, none
116400,116429,01:17:36.000,01:17:37.160, none
116430,116560,01:17:37.200,01:17:42.400, none
116561,116618,01:17:42.440,01:17:44.720, none
116619,116757,01:17:44.760,01:17:50.280, none
116758,116800,01:17:50.320,01:17:52.000, heist
116801,116812,01:17:52.040,01:17:52.480, none
116813,116842,01:17:52.520,01:17:53.680, none
116843,116863,01:17:53.720,01:17:54.520, none
116864,116961,01:17:54.560,01:17:58.440, none
116962,116992,01:17:58.480,01:17:59.680, none
116993,117035,01:17:59.720,01:18:01.400, none
117036,117246,01:18:01.440,01:18:09.840, none
117247,117450,01:18:09.880,01:18:18.000, none
117451,117682,01:18:18.040,01:18:27.280, none
117683,117712,01:18:27.320,01:18:28.480, none
117713,117811,01:18:28.520,01:18:32.440, none
117812,117909,01:18:32.480,01:18:36.360, none
117910,118054,01:18:36.400,01:18:42.160, none
118055,118086,01:18:42.200,01:18:43.440, none
118087,118270,01:18:43.480,01:18:50.800, none
118271,118300,01:18:50.840,01:18:52.000, none
118301,118325,01:18:52.040,01:18:53.000, none
118326,118358,01:18:53.040,01:18:54.320, none
118359,118410,01:18:54.360,01:18:56.400, none
118411,118433,01:18:56.440,01:18:57.320, none
118434,118584,01:18:57.360,01:19:03.360, none
118585,118626,01:19:03.400,01:19:05.040, none
118627,118674,01:19:05.080,01:19:06.960, none
118675,118700,01:19:07.000,01:19:08.000, none
118701,118869,01:19:08.040,01:19:14.760, none
118870,118910,01:19:14.800,01:19:16.400, none
118911,119117,01:19:16.440,01:19:24.680, none
119118,119138,01:19:24.720,01:19:25.520, fight
119139,119615,01:19:25.560,01:19:44.600, none
119616,119652,01:19:44.640,01:19:46.080, none
119653,119890,01:19:46.120,01:19:55.600, none
119891,120154,01:19:55.640,01:20:06.160, none
120155,120232,01:20:06.200,01:20:09.280, none
120233,120260,01:20:09.320,01:20:10.400, none
120261,120356,01:20:10.440,01:20:14.240, none
120357,120389,01:20:14.280,01:20:15.560, none
120390,120583,01:20:15.600,01:20:23.320, none
120584,120765,01:20:23.360,01:20:30.600, fight
120766,120801,01:20:30.640,01:20:32.040, none
120802,120868,01:20:32.080,01:20:34.720, fight
120869,120916,01:20:34.760,01:20:36.640, none
120917,121050,01:20:36.680,01:20:42.000, fight
121051,121069,01:20:42.040,01:20:42.760, none
121070,121104,01:20:42.800,01:20:44.160, capture/fight
121105,121136,01:20:44.200,01:20:45.440, none
121137,121161,01:20:45.480,01:20:46.440, capture
121162,121257,01:20:46.480,01:20:50.280, none
121258,121287,01:20:50.320,01:20:51.480, none
121288,121363,01:20:51.520,01:20:54.520, none
121364,121895,01:20:54.560,01:21:15.800, capture/escape
121896,121953,01:21:15.840,01:21:18.120, none
121954,122153,01:21:18.160,01:21:26.120, escape
122154,122190,01:21:26.160,01:21:27.600, none
122191,122313,01:21:27.640,01:21:32.520, escape
122314,122397,01:21:32.560,01:21:35.880, none
122398,122438,01:21:35.920,01:21:37.520, none
122439,122504,01:21:37.560,01:21:40.160, none
122505,122976,01:21:40.200,01:21:59.040, none
122977,123646,01:21:59.080,01:22:25.840, none
123647,123727,01:22:25.880,01:22:29.080, none
123728,123973,01:22:29.120,01:22:38.920, none
123974,124153,01:22:38.960,01:22:46.120, none
124154,124527,01:22:46.160,01:23:01.080, none
124528,124725,01:23:01.120,01:23:09.000, none
124726,125567,01:23:09.040,01:23:42.680, none
125568,125730,01:23:42.720,01:23:49.200, none
125731,125920,01:23:49.240,01:23:56.800, none
125921,127052,01:23:56.840,01:24:42.080, none
127053,127162,01:24:42.120,01:24:46.480, none
127163,127257,01:24:46.520,01:24:50.280, none
127258,127345,01:24:50.320,01:24:53.800, none
127346,127457,01:24:53.840,01:24:58.280, none
127458,127570,01:24:58.320,01:25:02.800, none
127571,127725,01:25:02.840,01:25:09.000, none
127726,127930,01:25:09.040,01:25:17.200, none
127931,128008,01:25:17.240,01:25:20.320, none
128009,128741,01:25:20.360,01:25:49.640, none
128742,128798,01:25:49.680,01:25:51.920, none
128799,129001,01:25:51.960,01:26:00.040, none
129002,129097,01:26:00.080,01:26:03.880, none
129098,129385,01:26:03.920,01:26:15.400, none
129386,129800,01:26:15.440,01:26:32.000, none
129801,131240,01:26:32.040,01:27:29.600, none
131241,131291,01:27:29.640,01:27:31.640, none
131292,131465,01:27:31.680,01:27:38.600, capture/fight
131466,131490,01:27:38.640,01:27:39.600, none
131491,131533,01:27:39.640,01:27:41.320, fight/rescue
131534,131574,01:27:41.360,01:27:42.960, none
131575,131586,01:27:43.000,01:27:43.440, fight
131587,131632,01:27:43.480,01:27:45.280, none
131633,131810,01:27:45.320,01:27:52.400, none
131811,131877,01:27:52.440,01:27:55.080, none
131878,132024,01:27:55.120,01:28:00.960, fight
132025,132079,01:28:01.000,01:28:03.160, none
132080,132227,01:28:03.200,01:28:09.080, escape
132228,132474,01:28:09.120,01:28:18.960, escape
132475,132570,01:28:19.000,01:28:22.800, none
132571,132681,01:28:22.840,01:28:27.240, none
132682,132730,01:28:27.280,01:28:29.200, none
132731,132811,01:28:29.240,01:28:32.440, none
132812,132869,01:28:32.480,01:28:34.760, none
132870,132952,01:28:34.800,01:28:38.080, none
132953,135154,01:28:38.120,01:30:06.160, none
135155,135301,01:30:06.200,01:30:12.040, none
135302,135329,01:30:12.080,01:30:13.160, none
135330,135342,01:30:13.200,01:30:13.680, none
135343,135537,01:30:13.720,01:30:21.480, none
135538,135761,01:30:21.520,01:30:30.440, speed
135762,135781,01:30:30.480,01:30:31.240, speed
135782,135933,01:30:31.280,01:30:37.320, speed/fight
135934,136045,01:30:37.360,01:30:41.800, speed/fight/escape
136046,136203,01:30:41.840,01:30:48.120, speed/fight/pursuit
136204,136239,01:30:48.160,01:30:49.560, none
136240,136344,01:30:49.600,01:30:53.760, fight
136345,136391,01:30:53.800,01:30:55.640, none
136392,136441,01:30:55.680,01:30:57.640, fight
136442,136500,01:30:57.680,01:31:00.000, none
136501,136731,01:31:00.040,01:31:09.240, escape/speed
136732,136804,01:31:09.280,01:31:12.160, escape/speed
136805,136843,01:31:12.200,01:31:13.720, escape/speed
136844,136969,01:31:13.760,01:31:18.760, escape/speed
136970,137023,01:31:18.800,01:31:20.920, escape/speed
137024,137037,01:31:20.960,01:31:21.480, escape/speed
137038,137259,01:31:21.520,01:31:30.360, escape/speed
137260,137490,01:31:30.400,01:31:39.600, speed
137491,137540,01:31:39.640,01:31:41.600, none
137541,137584,01:31:41.640,01:31:43.360, none
137585,137637,01:31:43.400,01:31:45.480, none
137638,137702,01:31:45.520,01:31:48.080, none
137703,137775,01:31:48.120,01:31:51.000, none
137776,137811,01:31:51.040,01:31:52.440, none
137812,137847,01:31:52.480,01:31:53.880, none
137848,138064,01:31:53.920,01:32:02.560, none
138065,138146,01:32:02.600,01:32:05.840, none
138147,138195,01:32:05.880,01:32:07.800, none
138196,138317,01:32:07.840,01:32:12.680, none
138318,138466,01:32:12.720,01:32:18.640, none
138467,138570,01:32:18.680,01:32:22.800, none
138571,138675,01:32:22.840,01:32:27.000, none
138676,138789,01:32:27.040,01:32:31.560, none
138790,138839,01:32:31.600,01:32:33.560, none
138840,138880,01:32:33.600,01:32:35.200, none
138881,138916,01:32:35.240,01:32:36.640, none
138917,139015,01:32:36.680,01:32:40.600, none
139016,139178,01:32:40.640,01:32:47.120, none
139179,139298,01:32:47.160,01:32:51.920, none
139299,139424,01:32:51.960,01:32:56.960, none
139425,139545,01:32:57.000,01:33:01.800, none
139546,139661,01:33:01.840,01:33:06.440, none
139662,139761,01:33:06.480,01:33:10.440, none
139762,139861,01:33:10.480,01:33:14.440, none
139862,140059,01:33:14.480,01:33:22.360, none
140060,140133,01:33:22.400,01:33:25.320, none
140134,140284,01:33:25.360,01:33:31.360, none
140285,140348,01:33:31.400,01:33:33.920, none
140349,140423,01:33:33.960,01:33:36.920, none
140424,140531,01:33:36.960,01:33:41.240, none
140532,140661,01:33:41.280,01:33:46.440, none
140662,140759,01:33:46.480,01:33:50.360, none
140760,140824,01:33:50.400,01:33:52.960, none
140825,140953,01:33:53.000,01:33:58.120, none
140954,140995,01:33:58.160,01:33:59.800, none
140996,140997,01:33:59.840,01:33:59.880, none
140998,141045,01:33:59.920,01:34:01.800, none
141046,141208,01:34:01.840,01:34:08.320, none
141209,141244,01:34:08.360,01:34:09.760, none
141245,141334,01:34:09.800,01:34:13.360, none
141335,141507,01:34:13.400,01:34:20.280, none
141508,141564,01:34:20.320,01:34:22.560, none
141565,141767,01:34:22.600,01:34:30.680, none
141768,141798,01:34:30.720,01:34:31.920, none
141799,142440,01:34:31.960,01:34:57.600, none
142441,142528,01:34:57.640,01:35:01.120, none
142529,142696,01:35:01.160,01:35:07.840, none
142697,142777,01:35:07.880,01:35:11.080, none
142778,143349,01:35:11.120,01:35:33.960, none
143350,143524,01:35:34.000,01:35:40.960, none
143525,143682,01:35:41.000,01:35:47.280, none
143683,143740,01:35:47.320,01:35:49.600, none
143741,143824,01:35:49.640,01:35:52.960, none
143825,143885,01:35:53.000,01:35:55.400, none
143886,144009,01:35:55.440,01:36:00.360, none
144010,144066,01:36:00.400,01:36:02.640, none
144067,144188,01:36:02.680,01:36:07.520, none
144189,144424,01:36:07.560,01:36:16.960, none
144425,144500,01:36:17.000,01:36:20.000, none
144501,144577,01:36:20.040,01:36:23.080, none
144578,144782,01:36:23.120,01:36:31.280, escape/fight
144783,144829,01:36:31.320,01:36:33.160, none
144830,145015,01:36:33.200,01:36:40.600, escape
145016,145105,01:36:40.640,01:36:44.200, none
145106,145197,01:36:44.240,01:36:47.880, none
145198,145249,01:36:47.920,01:36:49.960, none
145250,145358,01:36:50.000,01:36:54.320, none
145359,145423,01:36:54.360,01:36:56.920, none
145424,145485,01:36:56.960,01:36:59.400, none
145486,145679,01:36:59.440,01:37:07.160, none
145680,145856,01:37:07.200,01:37:14.240, none
145857,145921,01:37:14.280,01:37:16.840, none
145922,145989,01:37:16.880,01:37:19.560, none
145990,146014,01:37:19.600,01:37:20.560, none
146015,146054,01:37:20.600,01:37:22.160, escape
146055,146082,01:37:22.200,01:37:23.280, none
146083,146143,01:37:23.320,01:37:25.720, escape/fight
146144,146159,01:37:25.760,01:37:26.360, none
146160,146223,01:37:26.400,01:37:28.920, escape
146224,146258,01:37:28.960,01:37:30.320, none
146259,146363,01:37:30.360,01:37:34.520, escape
146364,146487,01:37:34.560,01:37:39.480, none
146488,146537,01:37:39.520,01:37:41.480, none
146538,146628,01:37:41.520,01:37:45.120, none
146629,146659,01:37:45.160,01:37:46.360, none
146660,146728,01:37:46.400,01:37:49.120, none
146729,146776,01:37:49.160,01:37:51.040, none
146777,146850,01:37:51.080,01:37:54.000, none
146851,146879,01:37:54.040,01:37:55.160, none
146880,146916,01:37:55.200,01:37:56.640, none
146917,146942,01:37:56.680,01:37:57.680, none
146943,147034,01:37:57.720,01:38:01.360, none
147035,147055,01:38:01.400,01:38:02.200, none
147056,147084,01:38:02.240,01:38:03.360, none
147085,147122,01:38:03.400,01:38:04.880, none
147123,147263,01:38:04.920,01:38:10.520, none
147264,147328,01:38:10.560,01:38:13.120, none
147329,147409,01:38:13.160,01:38:16.360, none
147410,147487,01:38:16.400,01:38:19.480, none
147488,147540,01:38:19.520,01:38:21.600, none
147541,147588,01:38:21.640,01:38:23.520, none
147589,147761,01:38:23.560,01:38:30.440, none
147762,148320,01:38:30.480,01:38:52.800, none
148321,148359,01:38:52.840,01:38:54.360, none
148360,148625,01:38:54.400,01:39:05.000, fight
148626,148710,01:39:05.040,01:39:08.400, escape
148711,148842,01:39:08.440,01:39:13.680, none
148843,149073,01:39:13.720,01:39:22.920, none
149074,149105,01:39:22.960,01:39:24.200, none
149106,149134,01:39:24.240,01:39:25.360, none
149135,149167,01:39:25.400,01:39:26.680, none
149168,149208,01:39:26.720,01:39:28.320, escape
149209,149247,01:39:28.360,01:39:29.880, none
149248,149361,01:39:29.920,01:39:34.440, none
149362,149426,01:39:34.480,01:39:37.040, none
149427,149526,01:39:37.080,01:39:41.040, none
149527,149744,01:39:41.080,01:39:49.760, none
149745,149826,01:39:49.800,01:39:53.040, none
149827,149926,01:39:53.080,01:39:57.040, none
149927,150022,01:39:57.080,01:40:00.880, none
150023,150076,01:40:00.920,01:40:03.040, none
150077,150258,01:40:03.080,01:40:10.320, none
150259,150307,01:40:10.360,01:40:12.280, fight
150308,150349,01:40:12.320,01:40:13.960, fight
150350,150372,01:40:14.000,01:40:14.880, none
150373,150431,01:40:14.920,01:40:17.240, none
150432,150457,01:40:17.280,01:40:18.280, none
150458,150489,01:40:18.320,01:40:19.560, none
150490,150492,01:40:19.600,01:40:19.680, none
150493,150517,01:40:19.720,01:40:20.680, none 
150518,150571,01:40:20.720,01:40:22.840, none
150572,150689,01:40:22.880,01:40:27.560, none
150690,150710,01:40:27.600,01:40:28.400, none
150711,150826,01:40:28.440,01:40:33.040, fight
150827,150848,01:40:33.080,01:40:33.920, none
150849,150931,01:40:33.960,01:40:37.240, fight
150932,150940,01:40:37.280,01:40:37.600, none
150941,150945,01:40:37.640,01:40:37.800, none
150946,150946,01:40:37.840,01:40:37.840, none
150947,150978,01:40:37.880,01:40:39.120, none
150979,151070,01:40:39.160,01:40:42.800, none
151071,151139,01:40:42.840,01:40:45.560, none
151140,151167,01:40:45.600,01:40:46.680, none
151168,151284,01:40:46.720,01:40:51.360, none
151285,151311,01:40:51.400,01:40:52.440, none
151312,151982,01:40:52.480,01:41:19.280, escape/rescue
151983,151996,01:41:19.320,01:41:19.840, none
151997,152640,01:41:19.880,01:41:45.600, capture
152641,152692,01:41:45.640,01:41:47.680, none
152693,152766,01:41:47.720,01:41:50.640, none
152767,152806,01:41:50.680,01:41:52.240, none
152807,152944,01:41:52.280,01:41:57.760, none
152945,153120,01:41:57.800,01:42:04.800, capture
153121,153910,01:42:04.840,01:42:36.400, pursuit/capture
153911,154142,01:42:36.440,01:42:45.680, capture
154143,154388,01:42:45.720,01:42:55.520, rescue/capture
154389,154515,01:42:55.560,01:43:00.600, none
154516,155109,01:43:00.640,01:43:24.360, pursuit/capture
155110,155353,01:43:24.400,01:43:34.120, none
155354,155530,01:43:34.160,01:43:41.200, none
155531,155686,01:43:41.240,01:43:47.440, speed
155687,156103,01:43:47.480,01:44:04.120, pursuit
156104,156662,01:44:04.160,01:44:26.480, capture
156663,156803,01:44:26.520,01:44:32.120, none
156804,156884,01:44:32.160,01:44:35.360, none
156885,157017,01:44:35.400,01:44:40.680, capture
157018,157034,01:44:40.720,01:44:41.360, none
157035,157057,01:44:41.400,01:44:42.280, none
157058,157482,01:44:42.320,01:44:59.280, none
157483,158112,01:44:59.320,01:45:24.480, pursuit
158113,158247,01:45:24.520,01:45:29.880, pursuit
158248,158280,01:45:29.920,01:45:31.200, none
158281,158406,01:45:31.240,01:45:36.240, none
158407,159104,01:45:36.280,01:46:04.160, pursuit
159105,159209,01:46:04.200,01:46:08.360, none
159210,159269,01:46:08.400,01:46:10.760, none
159270,159340,01:46:10.800,01:46:13.600, none
159341,159506,01:46:13.640,01:46:20.240, pursuit
159507,159512,01:46:20.280,01:46:20.480, none
159513,159527,01:46:20.520,01:46:21.080, none
159528,159543,01:46:21.120,01:46:21.720, none
159544,159566,01:46:21.760,01:46:22.640, none
159567,159587,01:46:22.680,01:46:23.480, none
159588,159601,01:46:23.520,01:46:24.040, none
159602,159620,01:46:24.080,01:46:24.800, capture
159621,159647,01:46:24.840,01:46:25.880, none 
159648,159702,01:46:25.920,01:46:28.080, none
159703,160136,01:46:28.120,01:46:45.440, capture
160137,160392,01:46:45.480,01:46:55.680, fight/capture
160393,161160,01:46:55.720,01:47:26.400, fight
161161,161631,01:47:26.440,01:47:45.240, capture
161632,161885,01:47:45.280,01:47:55.400, fight
161886,161968,01:47:55.440,01:47:58.720, none
161969,162046,01:47:58.760,01:48:01.840, fight
162047,162378,01:48:01.880,01:48:15.120, fight
162379,162417,01:48:15.160,01:48:16.680, capture
162418,162470,01:48:16.720,01:48:18.800, fight
162471,162725,01:48:18.840,01:48:29.000, capture/fight
162726,162744,01:48:29.040,01:48:29.760, none
162745,162760,01:48:29.800,01:48:30.400, none
162761,163999,01:48:30.440,01:49:19.960, none
164000,164028,01:49:20.000,01:49:21.120, none
164029,164274,01:49:21.160,01:49:30.960, none
164275,164407,01:49:31.000,01:49:36.280, none
164408,164520,01:49:36.320,01:49:40.800, none
164521,165026,01:49:40.840,01:50:01.040, none
165027,165063,01:50:01.080,01:50:02.520, fight
165064,165625,01:50:02.560,01:50:25.000, capture/fight
165626,165740,01:50:25.040,01:50:29.600, fight
165741,165872,01:50:29.640,01:50:34.880, none
165873,165915,01:50:34.920,01:50:36.600, none
165916,165939,01:50:36.640,01:50:37.560, none
165940,166701,01:50:37.600,01:51:08.040, fight
166702,166707,01:51:08.080,01:51:08.280, none
166708,166729,01:51:08.320,01:51:09.160, none
166730,167037,01:51:09.200,01:51:21.480, capture
167038,167160,01:51:21.520,01:51:26.400, none
167161,167338,01:51:26.440,01:51:33.520, rescue
167339,167364,01:51:33.560,01:51:34.560, none
167365,167428,01:51:34.600,01:51:37.120, none
167429,167477,01:51:37.160,01:51:39.080, none
167478,167605,01:51:39.120,01:51:44.200, none
167606,167737,01:51:44.240,01:51:49.480, none
167738,167816,01:51:49.520,01:51:52.640, none
167817,167917,01:51:52.680,01:51:56.680, none
167918,167989,01:51:56.720,01:51:59.560, none
167990,168086,01:51:59.600,01:52:03.440, none
168087,168222,01:52:03.480,01:52:08.880, none
168223,168304,01:52:08.920,01:52:12.160, none
168305,168364,01:52:12.200,01:52:14.560, none
168365,168438,01:52:14.600,01:52:17.520, none
168439,168479,01:52:17.560,01:52:19.160, none
168480,168552,01:52:19.200,01:52:22.080, none
168553,168589,01:52:22.120,01:52:23.560, none
168590,168614,01:52:23.600,01:52:24.560, none
168615,168711,01:52:24.600,01:52:28.440, none
168712,168810,01:52:28.480,01:52:32.400, rescue
168811,168852,01:52:32.440,01:52:34.080, none
168853,168990,01:52:34.120,01:52:39.600, rescue
168991,169048,01:52:39.640,01:52:41.920, none
169049,169111,01:52:41.960,01:52:44.440, none
169112,169203,01:52:44.480,01:52:48.120, rescue
169204,169272,01:52:48.160,01:52:50.880, none
169273,169326,01:52:50.920,01:52:53.040, capture
169327,169373,01:52:53.080,01:52:54.920, rescue
169374,169404,01:52:54.960,01:52:56.160, rescue
169405,169449,01:52:56.200,01:52:57.960, none
169450,169563,01:52:58.000,01:53:02.520, capture
169564,169600,01:53:02.560,01:53:04.000, rescue
169601,169643,01:53:04.040,01:53:05.720, none
169644,169686,01:53:05.760,01:53:07.440, none
169687,169717,01:53:07.480,01:53:08.680, none
169718,169789,01:53:08.720,01:53:11.560, none
169790,169846,01:53:11.600,01:53:13.840, none
169847,169938,01:53:13.880,01:53:17.520, rescue
169939,169996,01:53:17.560,01:53:19.840, rescue
169997,170076,01:53:19.880,01:53:23.040, none
170077,170167,01:53:23.080,01:53:26.680, rescue
170168,170185,01:53:26.720,01:53:27.400, none
170186,170225,01:53:27.440,01:53:29.000, none
170226,170311,01:53:29.040,01:53:32.440, none
170312,170496,01:53:32.480,01:53:39.840, none
170497,170844,01:53:39.880,01:53:53.760, rescue
170845,170922,01:53:53.800,01:53:56.880, none/rescue
170923,171001,01:53:56.920,01:54:00.040, none
171002,171830,01:54:00.080,01:54:33.200, none
171831,171975,01:54:33.240,01:54:39.000, none
171976,172088,01:54:39.040,01:54:43.520, none
172089,172190,01:54:43.560,01:54:47.600, none
172191,172293,01:54:47.640,01:54:51.720, none
172294,172790,01:54:51.760,01:55:11.600, none
172791,173705,01:55:11.640,01:55:48.200, none
173706,174024,01:55:48.240,01:56:00.960, none
174025,174185,01:56:01.000,01:56:07.400, none
174186,174234,01:56:07.440,01:56:09.360, none
174235,174593,01:56:09.400,01:56:23.720, none
174594,175032,01:56:23.760,01:56:41.280, none
175033,175222,01:56:41.320,01:56:48.880, none
175223,176197,01:56:48.920,01:57:27.880, none
176198,176290,01:57:27.920,01:57:31.600, none
176291,176297,01:57:31.640,01:57:31.880, none
176298,176390,01:57:31.920,01:57:35.600, none
176391,176397,01:57:35.640,01:57:35.880, none
176398,176497,01:57:35.920,01:57:39.880, none
176498,176590,01:57:39.920,01:57:43.600, none
